                   Time                      X                  THETA                   XDOT               THETADOT                 ENERGY
  0.000000000000000E+00   0.000000000000000E+00   1.570796326794897E+00   0.000000000000000E+00   0.000000000000000E+00   0.000000000000000E+00
  1.000000000000000E-02   1.202950119276587E-07   1.570305826775228E+00   4.811800767030860E-05  -9.810001180093986E-02   1.600694920836678E-16
  2.000000000000000E-02   1.924721927625393E-06   1.568834325536128E+00   3.849447559671223E-04  -1.962003776310935E-01   1.905201308916335E-15
  3.000000000000000E-02   9.743942853507313E-06   1.566381812456632E+00   1.299198710124313E-03  -2.943028676697506E-01   1.370906478315479E-15
  4.000000000000000E-02   3.079599540086141E-05   1.562948246231596E+00   3.079646961184608E-03  -3.924120847183395E-01   1.724790067414748E-15
  5.000000000000000E-02   7.518720449637064E-05   1.558533519458017E+00   6.015202501238794E-03  -4.905368820894895E-01   2.668479638346131E-15
  6.000000000000000E-02   1.559144807532777E-04   1.553137409025209E+00   1.039510915358523E-02  -5.886917855557051E-01   4.896669525192611E-16
  7.000000000000001E-02   2.888700292186245E-04   1.546759512245677E+00   1.650924366836450E-02  -6.868984243281971E-01   5.174225281348900E-16
  8.000000000000000E-02   4.928497896563900E-04   1.539399168598829E+00   2.464856499636640E-02  -7.851869791600441E-01   1.100289616063097E-15
  9.000000000000000E-02   7.895672338900366E-04   1.531055366859725E+00   3.510574169870552E-02  -8.835976596202139E-01   2.821135304232090E-15
  1.000000000000000E-01   1.203674462722000E-03   1.521726637241122E+00   4.817599005613417E-02  -9.821822274278453E-01  -2.841002121356209E-15
  1.100000000000000E-01   1.762792882326216E-03   1.511410927979906E+00   6.415815798126026E-02  -1.081005588574756E+00  -5.095337696433798E-16
  1.200000000000000E-01   2.497556108947639E-03   1.500105465537750E+00   8.335609364794772E-02  -1.180147483965424E+00   5.263625958407434E-15
  1.300000000000000E-01   3.441668165704305E-03   1.487806597247775E+00   1.060803432557487E-01  -1.279704316721083E+00  -6.615760405081741E-15
  1.400000000000000E-01   4.631980516052869E-03   1.474509614808222E+00   1.326502300759412E-01  -1.379791164499385E+00  -3.951225145981365E-15
  1.500000000000000E-01   6.108592050394552E-03   1.460208556480130E+00   1.633963775642828E-01  -1.480544037706703E+00   8.227338599068081E-16
  1.600000000000000E-01   7.914976838683668E-03   1.444895985162287E+00   1.986637537716382E-01  -1.582122460080795E+00   6.817938192882653E-15
  1.700000000000000E-01   1.009814532680552E-02   1.428562738657156E+00   2.388153337390811E-01  -1.684712467858465E+00  -2.426830649662173E-14
  1.800000000000000E-01   1.270884574536217E-02   1.411197647358072E+00   2.842365026635020E-01  -1.788530149106197E+00  -2.729979818893693E-15
  1.900000000000000E-01   1.580181389405790E-02   1.392787213214157E+00   3.353403576287768E-01  -1.893825877881685E+00   2.435946198196013E-14
  2.000000000000000E-01   1.943608126629934E-02   1.373315242074363E+00   3.925741127965891E-01  -2.000889441689580E+00  -8.947228756794569E-15
  2.100000000000000E-01   2.367535383016149E-02   1.352762419248200E+00   4.564268766778449E-01  -2.110056319460849E+00  -3.803507200197367E-14
  2.200000000000000E-01   2.858847687999882E-02   1.331105815169652E+00   5.274391570184197E-01  -2.221715447201715E+00   1.566000451317141E-16
  2.300000000000000E-01   3.425000549419803E-02   1.308318304158727E+00   6.062145685443622E-01  -2.336318918591946E+00   1.125883029138328E-14
  2.400000000000000E-01   4.074090567433312E-02   1.284367874076647E+00   6.934343856364771E-01  -2.454394221673663E+00   4.900641312863860E-14
  2.500000000000000E-01   4.814941877089204E-02   1.259216797633383E+00   7.898758175799825E-01  -2.576559830807517E+00  -1.175667584418474E-15
  2.600000000000000E-01   5.657213216146072E-02   1.232820626443232E+00   8.964352216509078E-01  -2.703545286785334E+00  -8.422034982638018E-14
  2.700000000000000E-01   6.611531360279928E-02   1.205126955448570E+00   1.014157961151352E+00  -2.836217356848023E+00  -1.050925426893331E-13
  2.800000000000000E-01   7.689658715175507E-02   1.176073886229708E+00   1.144277345084982E+00  -2.975614549676393E+00  -8.777306350518068E-14
  2.900000000000000E-01   8.904705804803292E-02   1.145588090147411E+00   1.288266190170010E+00  -3.122993298319792E+00  -8.288808219682999E-14
  3.000000000000000E-01   1.027140372631889E-01   1.113582331681891E+00   1.447906253715475E+00  -3.279890735382991E+00  -1.086452563681336E-13
  3.100000000000000E-01   1.180645813790523E-01   1.079952251286190E+00   1.625383493414966E+00  -3.448211548238964E+00  -1.361787873788375E-13
  3.200000000000000E-01   1.352901632400147E-01   1.044572112996575E+00   1.823421522058112E+00  -3.630350593253897E+00  -4.380823173002449E-14
  3.300000000000000E-01   1.546129462902912E-01   1.007289073069677E+00   2.045473040656399E+00  -3.829370015697427E+00  -8.555261745593037E-14
  3.400000000000000E-01   1.762943917694331E-01   9.679152826143891E-01   2.296001944247049E+00  -4.049261967143281E+00   4.678596707938829E-14
  3.500000000000000E-01   2.006473599807463E-01   9.262167255096597E-01   2.580912201376720E+00  -4.295350465435613E+00  -4.114369647092411E-14
  3.600000000000000E-01   2.280536257416823E-01   8.818969671279245E-01   2.908224087104426E+00  -4.574928746075065E+00   7.343131967039205E-14
  3.700000000000000E-01   2.589901270233791E-01   8.345726466100789E-01   3.289187684420908E+00  -4.898314700224544E+00  -2.063448825351474E-13
  3.800000000000000E-01   2.940699974342561E-01   7.837349136668361E-01   3.740215302882291E+00  -5.280692694594369E+00  -3.955268859312741E-13
  3.900000000000000E-01   3.341101554244946E-01   7.286854773162733E-01   4.286460728960898E+00  -5.745543689106642E+00   1.258338464326994E-13
  4.000000000000000E-01   3.802503097188448E-01   6.684232311708984E-01   4.969023239189516E+00  -6.331586653576731E+00  -4.647276698912486E-14
  4.100000000000000E-01   4.341817664869105E-01   6.014247530369876E-01   5.861137794515531E+00  -7.108463625362139E+00  -6.459932002867093E-13
  4.200000000000000E-01   4.986446140855667E-01   5.251639725054106E-01   7.110651013947947E+00  -8.218117268404169E+00  -7.348110422567219E-13
  4.300000000000000E-01   5.787270293943638E-01   4.348478231690606E-01   9.081314220699390E+00  -1.001321120711228E+01   2.812650698802213E-13
  4.400000000000000E-01   6.865578202576029E-01   3.188149969847704E-01   1.307696014403824E+01  -1.377092433489067E+01   3.860701234048361E-13
  4.500000000000000E-01   8.841044742496597E-01   1.161556635401167E-01   3.783251145754454E+01  -3.808921297897446E+01   6.614054335118750E-13
  4.600000000000000E-01   1.270163682531288E+00  -2.735643508730795E-01   1.548926928083039E+01  -1.608751424141596E+01   5.530476663084597E-13
  4.700000000000000E-01   1.392288533837965E+00  -4.031197538209569E-01   9.961168921493451E+00  -1.082923257561977E+01   3.540957002956316E-13
  4.800000000000000E-01   1.478933995064516E+00  -4.994416594820978E-01   7.606797974104943E+00  -8.665267012449515E+00   4.784406790536492E-13
  4.900000000000000E-01   1.547446674470021E+00  -5.793118817986890E-01   6.193965923192120E+00  -7.401624438803603E+00   4.358081149080431E-13
  5.000000000000000E-01   1.604228354236889E+00  -6.487991074309897E-01   5.214090794868949E+00  -6.543713163971534E+00   4.393608285868436E-13
  5.100000000000000E-01   1.652530069712225E+00  -7.109207050360675E-01   4.477605940165146E+00  -5.908997700920869E+00   4.278145091307420E-13
  5.200000000000000E-01   1.694289890860884E+00  -7.674351047468516E-01   3.895189515514586E+00  -5.412292424285843E+00   2.617251446468186E-13
  5.300000000000000E-01   1.730783719171034E+00  -8.194719046661419E-01   3.418340407183558E+00  -5.007775615484188E+00   4.091627623170394E-13
  5.400000000000000E-01   1.762910842282895E+00  -8.678063960975063E-01   3.018064774050381E+00  -4.668306551438556E+00   3.860701234048361E-13
  5.500000000000000E-01   1.791337660859024E+00  -9.129967790418112E-01   2.675776253126522E+00  -4.376642894100018E+00   3.949519076018374E-13
  5.600000000000001E-01   1.816577372563543E+00  -9.554597142263603E-01   2.378909161607143E+00  -4.121229703935862E+00   3.114631361500256E-13
  5.700000000000000E-01   1.839037457996015E+00  -9.955150424912010E-01   2.118604187054870E+00  -3.893989945256989E+00   3.487666297774309E-13
  5.800000000000000E-01   1.859049613448558E+00  -1.033413787574658E+00   1.888399043276748E+00  -3.689081307725039E+00   3.487666297774309E-13
  5.900000000000000E-01   1.876889486843261E+00  -1.069356502078352E+00   1.683445075065020E+00  -3.502156565608449E+00   3.798528744669352E-13
  6.000000000000000E-01   1.892790178442562E+00  -1.103505742043066E+00   1.500016538822688E+00  -3.329902940650938E+00   3.452139160986304E-13
  6.100000000000000E-01   1.906951763679026E+00  -1.135994817853586E+00   1.335191189464688E+00  -3.169744074424734E+00   3.212330987667270E-13
  6.200000000000000E-01   1.919548186002152E+00  -1.166934098460823E+00   1.186635475033925E+00  -3.019640879548376E+00   3.514311650365312E-13
  6.300000000000000E-01   1.930732357009766E+00  -1.196415658807626E+00   1.052455956935584E+00  -2.877954728683438E+00   3.691947334305337E-13
  6.400000000000000E-01   1.940640001822342E+00  -1.224516775860890E+00   9.310939820198858E-01  -2.743351187963451E+00   3.705270010600839E-13
  6.500000000000000E-01   1.949392605614331E+00  -1.251302606243041E+00   8.212493795304149E-01  -2.614730846312901E+00   3.580925031842822E-13
  6.600000000000000E-01   1.957099702889221E+00  -1.276828270554989E+00   7.218241068699588E-01  -2.491178690286899E+00   3.310030613834284E-13
  6.700000000000000E-01   1.963860677240259E+00  -1.301140500019372E+00   6.318799007143610E-01  -2.371926443007750E+00   3.292267045440281E-13
  6.800000000000000E-01   1.969766190445448E+00  -1.324278955220487E+00   5.506059501195466E-01  -2.256324137143301E+00   3.585365923941322E-13
  6.899999999999999E-01   1.974899326652520E+00  -1.346277295764391E+00   4.772938662685864E-01  -2.143818375863083E+00   3.678624658009836E-13
  7.000000000000000E-01   1.979336514567137E+00  -1.367164058360627E+00   4.113180494851735E-01  -2.033935510214222E+00   3.763001607881347E-13
  7.100000000000000E-01   1.983148274511175E+00  -1.386963385866153E+00   3.521201077160916E-01  -1.926268478430925E+00   3.882905694540864E-13
  7.200000000000000E-01   1.986399825767013E+00  -1.405695639155545E+00   2.991963586598848E-01  -1.820466404334182E+00   3.438816484690802E-13
  7.300000000000000E-01   1.989151581335716E+00  -1.423377915942060E+00   2.520877101854598E-01  -1.716226295188843E+00   3.640877075172580E-13
  7.400000000000000E-01   1.991459551161061E+00  -1.440024494981023E+00   2.103713987458042E-01  -1.613286350236552E+00   3.685285996157586E-13
  7.500000000000000E-01   1.993375670366621E+00  -1.455647219841885E+00   1.736541977768827E-01  -1.511420512898463E+00   3.840717219605108E-13
  7.600000000000000E-01   1.994948065676333E+00  -1.470255833228242E+00   1.415668037897450E-01  -1.410433987642874E+00   3.578704585793571E-13
  7.700000000000000E-01   1.996221270634387E+00  -1.483858270373882E+00   1.137591778475915E-01  -1.310159506963037E+00   3.691947334305337E-13
  7.800000000000000E-01   1.997236398287788E+00  -1.496460918147910E+00   8.989667173154391E-02  -1.210454181745187E+00   3.698608672453088E-13
  7.900000000000000E-01   1.998031278489322E+00  -1.508068845023312E+00   6.965680640370775E-02  -1.111196804295290E+00   3.749678931585846E-13
  8.000000000000000E-01   1.998640565804048E+00  -1.518686005899091E+00   5.272659891742919E-02  -1.012285500755563E+00   3.687506442206837E-13
  8.100000000000001E-01   1.999095823075813E+00  -1.528315424844312E+00   3.880035520751569E-02  -9.136356509123778E-01   3.692502445817650E-13
  8.200000000000000E-01   1.999425584967557E+00  -1.536959358099218E+00   2.757786202272870E-02  -8.151780101296502E-01   3.708600679674715E-13
  8.300000000000000E-01   1.999655405183334E+00  -1.544619439085231E+00   1.876292295502066E-02  -7.168569815127691E-01   3.703049564551589E-13
  8.400000000000000E-01   1.999807890574439E+00  -1.551296806712741E+00   1.206219205507243E-02  -6.186289972553319E-01   3.701939341526964E-13
  8.500000000000000E-01   1.999902724899303E+00  -1.556992217911104E+00   7.184264643205430E-03  -5.204609770374286E-01   3.695555559135369E-13
  8.600000000000000E-01   1.999956684625618E+00  -1.561706145022094E+00   3.838989202715222E-03  -4.223288387457387E-01   3.683481883742571E-13
  8.700000000000000E-01   1.999983648817459E+00  -1.565438858482559E+00   1.736967130636901E-03  -3.242160429576195E-01   3.678902213765992E-13
  8.800000000000000E-01   1.999994604827952E+00  -1.568190495062909E+00   5.892089800067619E-04  -2.261121577642496E-01   3.681573687918996E-13
  8.900000000000000E-01   1.999997651210486E+00  -1.569961111815630E+00   1.069169488009090E-04  -1.280114347235527E-01   3.660739658972515E-13
  9.000000000000000E-01   1.999997998962427E+00  -1.570750725813462E+00   1.363987730356037E-06  -2.991139010534005E-02   3.674128471600538E-13
  9.100000000000000E-01   1.999997971920744E+00  -1.570559339712002E+00  -1.615980354573595E-05   6.818861184059158E-02   3.665514485340141E-13
  9.200000000000000E-01   1.999997006836278E+00  -1.569386953148382E+00  -2.343627050063722E-04   1.662887750780643E-01   3.653471167608172E-13
  9.300000000000000E-01   1.999991653361527E+00  -1.567233559978503E+00  -9.419580092889178E-04   2.643902879155686E-01   3.653714028894809E-13
  9.399999999999999E-01   1.999975573895016E+00  -1.564099131352375E+00  -2.427690934342702E-03   3.624967393148499E-01   3.667383649885506E-13
  9.500000000000000E-01   1.999939542933532E+00  -1.559983584622673E+00  -4.980415002908657E-03   4.606155361543847E-01   3.636713738830236E-13
  9.600000000000000E-01   1.999871445291441E+00  -1.554886738067937E+00  -8.889247133450157E-03   5.587593235361707E-01   3.633938181268673E-13
  9.700000000000000E-01   1.999756272253068E+00  -1.548808251381150E+00  -1.444383086084952E-02   6.569474123132428E-01   3.657252864785801E-13
  9.800000000000000E-01   1.999576114428233E+00  -1.541747551818959E+00  -2.193473750827294E-02   7.552072208938145E-01   3.655865086005020E-13
  9.900000000000000E-01   1.999310149779232E+00  -1.533703745818435E+00  -3.165403592075855E-02   8.535757420726516E-01   3.649758859369581E-13
  1.000000000000000E+00   1.998934624975155E+00  -1.524675515758723E+00  -4.389606274937977E-02   9.521010502028111E-01   3.646428190295706E-13
  1.010000000000000E+00   1.998422827899279E+00  -1.514661001365049E+00  -5.895842749723862E-02   1.050843869541420E+00   3.627554398877078E-13
  1.020000000000000E+00   1.997745048777326E+00  -1.503657665012068E+00  -7.714328992144850E-02   1.149879231227606E+00   3.599798823261449E-13
  1.030000000000000E+00   1.996868526995267E+00  -1.491662139870462E+00  -9.875895232218605E-02   1.249298254303092E+00   3.614231722581576E-13
  1.040000000000000E+00   1.995757380217040E+00  -1.478670059440038E+00  -1.241218162356067E-01   1.349210095797747E+00   3.641987298197205E-13
  1.050000000000000E+00   1.994372511871605E+00  -1.464675866505684E+00  -1.535587627147517E-01   1.449744126652052E+00   3.727474471093342E-13
  1.060000000000000E+00   1.992671492424342E+00  -1.449672598914632E+00  -1.874100285566811E-01   1.551052404815098E+00   3.485445851725058E-13
  1.070000000000000E+00   1.990608409039813E+00  -1.433651648772096E+00  -2.260326686116226E-01   1.653312535197293E+00   3.594247708138324E-13
  1.080000000000000E+00   1.988133677227825E+00  -1.416602490643116E+00  -2.698047181777858E-01   1.756731029614623E+00   3.636436183074080E-13
  1.090000000000000E+00   1.985193806772814E+00  -1.398512373071699E+00  -3.191302014891207E-01   1.861547310326673E+00   3.789646960472351E-13
  1.100000000000000E+00   1.981731112581762E+00  -1.379365966100875E+00  -3.744451753090811E-01   1.968038540918908E+00   3.143497160140510E-13
  1.110000000000000E+00   1.977683358920438E+00  -1.359144955384967E+00  -4.362250547141619E-01   2.076525521929894E+00   3.607570384433826E-13
  1.120000000000000E+00   1.972983322661871E+00  -1.337827570766477E+00  -5.049935471422204E-01   2.187379961287885E+00   3.745238039487345E-13
  1.130000000000000E+00   1.967558257397805E+00  -1.315388033617888E+00  -5.813336292307878E-01   2.301033529353104E+00   3.980605320707878E-13
  1.140000000000000E+00   1.961329235206787E+00  -1.291795902495463E+00  -6.659011515418338E-01   2.417989247105815E+00   2.657219475354692E-13
  1.150000000000000E+00   1.954210336024949E+00  -1.267015290245600E+00  -7.594418679979841E-01   2.538835951763192E+00   3.194567419273267E-13
  1.160000000000000E+00   1.946107645177111E+00  -1.241003916944769E+00  -8.628129888871888E-01   2.664266864410532E+00   3.638656629123330E-13
  1.170000000000000E+00   1.936918006588020E+00  -1.213711950899603E+00  -9.770107940234841E-01   2.795103692109483E+00   3.749678931585846E-13
  1.180000000000000E+00   1.926527460811528E+00  -1.185080572789904E+00  -1.103206488284843E+00   2.932328300924882E+00   3.869583018245362E-13
  1.190000000000000E+00   1.914809270676785E+00  -1.155040173434237E+00  -1.242793452591016E+00   3.077124907991066E+00   3.869583018245362E-13
  1.200000000000000E+00   1.901621398908126E+00  -1.123508059666430E+00  -1.397450534792208E+00   3.230937146376859E+00   3.691947334305337E-13
  1.210000000000000E+00   1.886803244806018E+00  -1.090385489042172E+00  -1.569228371065883E+00   3.395546575468837E+00   3.629774844926329E-13
  1.220000000000000E+00   1.870171359772168E+00  -1.055553771866474E+00  -1.760669518275511E+00   3.573182806191727E+00   4.029455133791385E-13
  1.230000000000000E+00   1.851513724865409E+00  -1.018869049941497E+00  -1.974979485161571E+00   3.766681415981393E+00   4.038336917988386E-13
  1.240000000000000E+00   1.830581953448631E+00  -9.801551526688059E-01  -2.216276608957063E+00   3.979716201203680E+00   2.404088625740156E-13
  1.250000000000000E+00   1.807080415045555E+00  -9.391935818816425E-01  -2.489968156859953E+00   4.217150937746981E+00   2.146516884027120E-13
  1.260000000000000E+00   1.780650640427702E+00  -8.957090691273212E-01  -2.803336404701836E+00   4.485590789504032E+00   3.025813519530243E-13
  1.270000000000000E+00   1.750848213546831E+00  -8.493480422746320E-01  -3.166490202723561E+00   4.794282713436469E+00   4.571243969808462E-13
  1.280000000000000E+00   1.717107143541680E+00  -7.996452092340529E-01  -3.593988258672116E+00   5.156660043984490E+00   1.871181573920081E-13
  1.290000000000000E+00   1.678682180959677E+00  -7.459690917914346E-01  -4.107781968651842E+00   5.593158032665392E+00   5.086387453234535E-13
  1.300000000000000E+00   1.634549480706583E+00  -6.874275872603769E-01  -4.742976727596693E+00   6.136755979218580E+00   4.517953264626454E-13
  1.310000000000000E+00   1.583221199694099E+00  -6.226904852599211E-01  -5.560305658956540E+00   6.845041724520950E+00   4.953160690279516E-13
  1.320000000000000E+00   1.522359261263363E+00  -5.496171288949101E-01  -6.677149462009350E+00   7.830378395040803E+00   6.081147283298675E-13
  1.330000000000000E+00   1.447830208055089E+00  -4.643387409892465E-01  -8.362297073240546E+00   9.352575866851721E+00   6.596290766724747E-13
  1.340000000000000E+00   1.350687165681458E+00  -3.583062103632783E-01  -1.144674985853783E+01   1.222301883816313E+01   7.484469186424873E-13
  1.350000000000000E+00   1.199746998027775E+00  -2.011009329576831E-01  -2.150792670460466E+01   2.195030699121067E+01   8.994372499915086E-13
  1.360000000000000E+00   7.827301702006436E-01   2.190158079880208E-01  -1.966057160237198E+01   2.014174210272233E+01   1.407475306059980E-12
  1.370000000000000E+00   6.397091900876222E-01   3.685789357285844E-01  -1.107659141443409E+01   1.187406107454796E+01   1.283130327301963E-12
  1.380000000000000E+00   5.451134408329388E-01   4.722442148979255E-01  -8.183382878500312E+00   9.189146142244615E+00   1.315104750411167E-12
  1.390000000000000E+00   4.719925203269809E-01   5.562520534560278E-01  -6.565298724615117E+00   7.730800702608562E+00   1.190759771653150E-12
  1.400000000000000E+00   4.120689352957855E-01   6.284982671623668E-01  -5.481178358560457E+00   6.776000784527450E+00   1.124146390175640E-12
  1.410000000000000E+00   3.614295185149128E-01   6.926387901225618E-01  -4.682814690092069E+00   6.085031967107723E+00   1.271584007845861E-12
  1.420000000000000E+00   3.178332589229188E-01   7.507214003896634E-01  -4.059850392768033E+00   5.552340563800637E+00   1.274248543104961E-12
  1.430000000000000E+00   2.798428167180264E-01   8.040284395562403E-01  -3.554542676773792E+00   5.123218009389941E+00   1.247603190513958E-12
  1.440000000000000E+00   2.464636517022928E-01   8.534244909215849E-01  -3.133255829460004E+00   4.766090430541898E+00   1.173884381678847E-12
  1.450000000000000E+00   2.169688906527400E-01   8.995239321945855E-01  -2.774837862374469E+00   4.461281843082983E+00   1.219181481083554E-12
  1.460000000000000E+00   1.908047567495213E-01   9.427807897447856E-01  -2.465199104829215E+00   4.195801405223349E+00   1.204970626368352E-12
  1.470000000000000E+00   1.675353293821748E-01   9.835408674189263E-01  -2.194522579470426E+00   3.960675697653513E+00   1.252932261032158E-12
  1.480000000000000E+00   1.468082679014919E-01   1.022073876910068E+00  -1.955716383608408E+00   3.749476828136746E+00   1.194312485331950E-12
  1.490000000000000E+00   1.283324977612077E-01   1.058594219820505E+00  -1.743502286513959E+00   3.557460444636170E+00   1.221846016342654E-12
  1.500000000000000E+00   1.118631056923732E-01   1.093274969397353E+00  -1.553852253442186E+00   3.381035855407557E+00   1.245826833674557E-12
  1.510000000000000E+00   9.719077855989262E-02   1.126257591162710E+00  -1.383625695726776E+00   3.217426931707323E+00   1.203194269528951E-12
  1.520000000000000E+00   8.413421557461599E-02   1.157658892080361E+00  -1.230327809685104E+00   3.064447614734708E+00   1.202306091109251E-12
  1.530000000000000E+00   7.253454945632624E-02   1.187576109252795E+00  -1.091943780152119E+00   2.920348924211535E+00   1.233836425008606E-12
  1.540000000000000E+00   6.225116293177461E-02   1.216090715361498E+00  -9.668220858053981E-01   2.783712053182041E+00   1.247159101304108E-12
  1.550000000000000E+00   5.315849803552040E-02   1.243271317934879E+00  -8.535904957178324E-01   2.653372019884864E+00   1.250267725773058E-12
  1.560000000000000E+00   4.514358701776054E-02   1.269175905444602E+00  -7.510943782666590E-01   2.528362089010579E+00   1.249379547353358E-12
  1.570000000000000E+00   3.810411780253110E-02   1.293853614005942E+00  -6.583505774725287E-01   2.407872622313208E+00   1.237389138687406E-12
  1.580000000000000E+00   3.194690224731095E-02   1.317346136543632E+00  -5.745123668171089E-01   2.291220150667276E+00   1.221401927132804E-12
  1.590000000000000E+00   2.658665264912652E-02   1.339688861469703E+00  -4.988424271022151E-01   2.177823813151036E+00   1.213852410565353E-12
  1.600000000000000E+00   2.194499746829215E-02   1.360911804079989E+00  -4.306917318114678E-01   2.067187188258743E+00   1.223178283972204E-12
  1.610000000000000E+00   1.794968508026955E-02   1.381040377239257E+00  -3.694828475653308E-01   1.958884126016141E+00   1.234724603428306E-12
  1.620000000000000E+00   1.453393703803305E-02   1.400096036111897E+00  -3.146965810799461E-01   1.852547584550473E+00   1.234946648033231E-12
  1.630000000000000E+00   1.163592146107055E-02   1.418096823171470E+00  -2.658611968825679E-01   1.747860746350142E+00   1.248047279723808E-12
  1.640000000000000E+00   9.198323837660241E-03   1.435057833479941E+00  -2.225436355899054E-01   1.644549879422873E+00   1.233836425008606E-12
  1.650000000000000E+00   7.167997456644505E-03   1.450991615591297E+00  -1.843423089006708E-01   1.542378543380775E+00   1.225620774626380E-12
  1.660000000000000E+00   5.495679367838813E-03   1.465908519945528E+00  -1.508811529702624E-01   1.441142837505195E+00   1.235168692638156E-12
  1.670000000000000E+00   4.135760548835639E-03   1.479817003961617E+00  -1.218046987535325E-01   1.340667458615281E+00   1.236945049477556E-12
  1.680000000000000E+00   3.046101072996248E-03   1.492723900990806E+00  -9.677397449066230E-02   1.240802388876808E+00   1.240164696248969E-12
  1.690000000000000E+00   2.187882701694102E-03   1.504634658697890E+00  -7.546309743967403E-02   1.141420072880496E+00   1.230505755934730E-12
  1.700000000000000E+00   1.525492589064269E-03   1.515553551187145E+00  -5.755644317134061E-02   1.042412973095554E+00   1.236278915662781E-12
  1.710000000000000E+00   1.026432782389349E-03   1.525483868200112E+00  -4.274630402003776E-02   9.436914157608293E-01   1.241607986180982E-12
  1.720000000000000E+00   6.612509942535570E-04   1.534428083926536E+00  -3.073096561758593E-02   8.451816572485866E-01   1.235057670335693E-12
  1.730000000000000E+00   4.034887659699265E-04   1.542388007344167E+00  -2.121314327394160E-02   7.468241152296236E-01   1.235723804150468E-12
  1.740000000000000E+00   2.296436746071762E-04   1.549364915506129E+00  -1.389872937827541E-02   6.485717205125819E-01   1.237111582931250E-12
  1.750000000000000E+00   1.191426883014023E-04   1.555359670802109E+00  -8.495809782412956E-03   5.503883548842747E-01   1.241330430424826E-12
  1.760000000000000E+00   5.432416960867293E-05   1.560372822913199E+00  -4.713911915481190E-03   4.522473481058485E-01   1.237305871960559E-12
  1.770000000000000E+00   2.042638167199589E-05   1.564404695945383E+00  -2.263450648332253E-03   3.541300137424267E-01   1.237722205594794E-12
  1.780000000000000E+00   5.580680339283383E-06   1.567455461051450E+00  -8.553400653946838E-04   2.560242089379612E-01   1.236584226994553E-12
  1.790000000000000E+00   8.078865775301387E-07   1.569525194725397E+00  -2.007406204627632E-04   1.579229077326708E-01   1.236369121283532E-12
  1.800000000000000E+00   1.663467772006915E-08   1.570613922868184E+00  -1.091190194965153E-05   5.982278114394718E-02   1.237045446598728E-12
  1.810000000000000E+00   2.787330145265539E-09   1.570721650670614E+00   2.858388839200139E-06  -3.827721995796594E-02   1.235539056100277E-12
  1.820000000000000E+00   4.493017036188698E-07   1.569848378330199E+00   1.292784828881571E-04  -1.363772811259028E-01   1.236540858907654E-12
  1.830000000000000E+00   3.926222722574714E-06   1.567994102606272E+00   6.570587971976307E-04  -2.344781404646888E-01   1.236709127084823E-12
  1.840000000000000E+00   1.589077143900826E-05   1.565158804213591E+00   1.874929572093387E-03  -3.325825048430879E-01   1.235231142683291E-12
  1.850000000000000E+00   4.468778833809997E-05   1.561342421051526E+00   4.071699072994574E-03  -4.306964667203800E-01   1.235640537423622E-12
  1.860000000000000E+00   1.015510831477943E-04   1.556544807255865E+00   7.536381575515588E-03  -5.288309231941130E-01   1.235723804150468E-12
  1.870000000000000E+00   2.006065356234316E-04   1.550765678035604E+00   1.255842448099909E-02  -6.270030007265590E-01   1.233836425008606E-12
  1.880000000000000E+00   3.588780865287139E-04   1.544004540210006E+00   1.942806422816041E-02  -7.252374916432363E-01   1.235945848755394E-12
  1.890000000000000E+00   5.962980576556292E-04   1.536260608283730E+00   2.843684131866279E-02  -8.235683119385967E-01   1.235890337604162E-12
  1.900000000000000E+00   9.357235482067674E-04   1.527532705781788E+00   3.987830594861268E-02  -9.220399942144007E-01   1.239221006678038E-12
  1.910000000000000E+00   1.402960978751078E-03   1.517819151402557E+00   5.404894767255877E-02  -1.020709234792275E+00   1.229173488305180E-12
  1.920000000000000E+00   2.026801202113276E-03   1.507117629326260E+00   7.124938551783065E-02  -1.119646520310115E+00   1.233725402706143E-12
  1.930000000000000E+00   2.839067985530434E-03   1.495425042726785E+00   9.178585938305131E-02  -1.218937866629981E+00   1.242607186903144E-12
  1.940000000000000E+00   3.874683106366326E-03   1.482737349162589E+00   1.159720698557615E-01  -1.318686711948010E+00   1.224732596206679E-12
  1.950000000000000E+00   5.171751816589043E-03   1.469049376050194E+00   1.441314223565046E-01  -1.419016017033082E+00   1.230727800539655E-12
  1.960000000000000E+00   6.771673047298017E-03   1.454354613828862E+00   1.765997435199311E-01  -1.520070639142007E+00   1.236278915662781E-12
  1.970000000000000E+00   8.719279480702049E-03   1.438644983677573E+00   2.137285539604003E-01  -1.622020063226899E+00   1.239387540131731E-12
  1.980000000000000E+00   1.106301356237020E-02   1.421910575705116E+00   2.558890033936329E-01  -1.725061595776519E+00   1.212076053725953E-12
  1.990000000000000E+00   1.385514672530524E-02   1.404139352346453E+00   3.034766033491326E-01  -1.829424154720353E+00   1.232282112774130E-12
  2.000000000000000E+00   1.715205063670815E-02   1.385316810188439E+00   3.569169319932098E-01  -1.935372825676836E+00   1.258927465365134E-12
  2.010000000000000E+00   2.101453127471963E-02   1.365425591512004E+00   4.166725385361135E-01  -2.043214403867898E+00   1.224510551601754E-12
  2.020000000000000E+00   2.550823925808456E-02   1.344445034330711E+00   4.832513465492880E-01  -2.153304207172478E+00   1.189871593233450E-12
  2.030000000000000E+00   3.070417331076235E-02   1.322350646422659E+00   5.572169538717440E-01  -2.266054536217520E+00   1.232060068169205E-12
  2.040000000000000E+00   3.667929836297872E-02   1.299113484502123E+00   6.392013628438491E-01  -2.381945282679372E+00   1.241830030785907E-12
  2.050000000000000E+00   4.351730602599278E-02   1.274699413836486E+00   7.299208651598932E-01  -2.501537362941575E+00   1.277357167573912E-12
  2.060000000000000E+00   5.130955369355749E-02   1.249068215663651E+00   8.301960762221817E-01  -2.625489905077496E+00   1.257373153130659E-12
  2.070000000000000E+00   6.015623030093293E-02   1.222172498784238E+00   9.409775040877950E-01  -2.754582480276086E+00   1.180101630616748E-12
  2.080000000000000E+00   7.016781329945926E-02   1.193956356293052E+00   1.063378610465662E+00  -2.889744204630444E+00   1.130807728323391E-12
  2.090000000000000E+00   8.146690496345169E-02   1.164353686420386E+00   1.198719176659896E+00  -3.032092339597897E+00   1.115708695188489E-12
  2.100000000000000E+00   9.419057033206382E-02   1.133286064471935E+00   1.348583092641876E+00  -3.182984248313873E+00   1.106382821781638E-12
  2.110000000000000E+00   1.084933496867174E-01   1.100660005393526E+00   1.514896725407989E+00  -3.344088490421842E+00   1.114376427558939E-12
  2.120000000000000E+00   1.245511950365935E-01   1.066363384438402E+00   1.700037287288513E+00  -3.517483932955799E+00   1.196088842171350E-12
  2.130000000000000E+00   1.425666989025371E-01   1.030260671243251E+00   1.906986006662044E+00  -3.705800873947498E+00   1.182766165875849E-12
  2.140000000000000E+00   1.627761733698139E-01   9.921864529234822E-01   2.139550069246679E+00  -3.912426922332141E+00   1.268031294167061E-12
  2.150000000000000E+00   1.854594501643028E-01   9.519364244156712E-01   2.402693498998966E+00  -4.141815888271463E+00   1.129475460693841E-12
  2.160000000000000E+00   2.109538079488907E-01   9.092545133651156E-01   2.703047037242849E+00  -4.399966645903124E+00   1.117929141237739E-12
  2.170000000000000E+00   2.396743905014191E-01   8.638138898678311E-01   3.049725052694689E+00  -4.695194790980069E+00   1.188095236394049E-12
  2.180000000000000E+00   2.721452822323526E-01   8.151878784131192E-01   3.455696831731272E+00  -5.039435251426202E+00   1.247603190513958E-12
  2.190000000000000E+00   3.090490194237145E-01   7.628033044637271E-01   3.940223377585802E+00  -5.450569808581529E+00   1.247603190513958E-12
  2.200000000000000E+00   3.513101263109759E-01   7.058612438420280E-01   4.533507833103408E+00  -5.956893209673902E+00   9.642742746296177E-13
  2.210000000000000E+00   4.002468685745301E-01   6.431920585761044E-01   5.286428642627887E+00  -6.606511419007450E+00   1.372836347691675E-12
  2.220000000000000E+00   4.578757253152869E-01   5.729625096342005E-01   6.293620214357276E+00  -7.489749922095370E+00   1.158785348543945E-12
  2.230000000000000E+00   5.276154248507285E-01   4.919936873344551E-01   7.759028629097486E+00  -8.803153565207118E+00   1.490964077511792E-12
  2.240000000000000E+00   6.163239197047444E-01   3.937730880714730E-01   1.024510833869127E+01  -1.109417828870890E+01   6.152201556874685E-13
  2.250000000000000E+00   7.434232838940719E-01   2.594779082890874E-01   1.640397165707234E+01  -1.697214651693189E+01   1.022005871910126E-12
  2.260000000000000E+00   1.144527839366372E+00  -1.450369419568248E-01   3.016532516211018E+01  -3.048543509964268E+01   2.093149046068477E-12
  2.270000000000000E+00   1.324369117258480E+00  -3.303461078167945E-01   1.256303411108807E+01  -1.328115706994471E+01   1.958145926274058E-12
  2.280000000000000E+00   1.428922885870922E+00  -4.433016537487438E-01   8.866344665033612E+00  -9.815074404439098E+00   1.871104441143446E-12
  2.290000000000000E+00   1.507362790192169E+00  -5.321234149425684E-01   6.983716774631332E+00  -8.104290475343381E+00   2.064727336638073E-12
  2.300000000000000E+00   1.570777208084047E+00  -6.074539964165694E-01   5.774015670438586E+00  -7.032023071160604E+00   1.904855221092050E-12
  2.310000000000000E+00   1.623957373963361E+00  -6.737986937700128E-01   4.903998973454615E+00  -6.275461568952041E+00   2.025647486171267E-12
  2.320000000000000E+00   1.669521392194740E+00  -7.335665122557466E-01   4.235292847250327E+00  -5.701867075301625E+00   2.028312021430368E-12
  2.330000000000000E+00   1.709099759125858E+00  -7.882230706691671E-01   3.698473406691243E+00  -5.245274806387010E+00   1.850676337490343E-12
  2.340000000000000E+00   1.743797910819948E+00  -8.387372003134024E-01   3.254244227478483E+00  -4.868693423639439E+00   2.028312021430368E-12
  2.350000000000000E+00   1.774411725082735E+00  -8.857875583391426E-01   2.878405410590084E+00  -4.549549835668786E+00   2.026535664590967E-12
  2.360000000000000E+00   1.801540574747328E+00  -9.298702685858526E-01   2.555092695518055E+00  -4.273177767485563E+00   1.927947860004254E-12
  2.370000000000000E+00   1.825651947853527E+00  -9.713600281796080E-01   2.273391459410079E+00  -4.029574344781205E+00   1.958145926274058E-12
  2.380000000000000E+00   1.847120872251929E+00  -1.010547138591255E+00   2.025497337287283E+00  -3.811647771937444E+00   1.990120349383262E-12
  2.390000000000000E+00   1.866255235480738E+00  -1.047661133237336E+00   1.805651112043158E+00  -3.614208243660249E+00   1.984791278865062E-12
  2.400000000000000E+00   1.883312735046297E+00  -1.082886496212335E+00   1.609489265662626E+00  -3.433356138147246E+00   1.971468602569560E-12
  2.410000000000000E+00   1.898512620651552E+00  -1.116373488035852E+00   1.433630703443240E+00  -3.266094975541100E+00   1.997225776740863E-12
  2.420000000000000E+00   1.912044064889201E+00  -1.148245822831462E+00   1.275404137318561E+00  -3.110077674224899E+00   2.004331204098464E-12
  2.430000000000000E+00   1.924072276895900E+00  -1.178606251063131E+00   1.132662638249548E+00  -2.963435067747461E+00   1.999002133580264E-12
  2.440000000000000E+00   1.934743060867310E+00  -1.207540708928478E+00   1.003654077937365E+00  -2.824656944899052E+00   1.992340795432513E-12
  2.450000000000000E+00   1.944186275818198E+00  -1.235121462480651E+00   8.869284761613029E-01  -2.692507629575109E+00   1.994117152271913E-12
  2.460000000000000E+00   1.952518501686042E+00  -1.261409531468062E+00   7.812703550668912E-01  -2.565964867898690E+00   2.001666668839364E-12
  2.470000000000000E+00   1.959845120778824E+00  -1.286456587304506E+00   6.856484288509587E-01  -2.444174804577107E+00   2.007883917777265E-12
  2.480000000000000E+00   1.966261960871550E+00  -1.310306460678394E+00   5.991775578139424E-01  -2.326418291888593E+00   2.024315218541717E-12
  2.490000000000000E+00   1.971856604373850E+00  -1.332996355075173E+00   5.210895396930678E-01  -2.212085325306785E+00   1.977241762297611E-12
  2.500000000000000E+00   1.976709439417840E+00  -1.354557835785010E+00   4.507103759952171E-01  -2.100655400500893E+00   1.956813658644508E-12
  2.510000000000000E+00   1.980894508852591E+00  -1.375017645437740E+00   3.874423559777216E-01  -1.991682246462700E+00   1.987233769519237E-12
  2.520000000000000E+00   1.984480199089858E+00  -1.394398384017161E+00   3.307497769170264E-01  -1.884781833427762E+00   1.991230572407887E-12
  2.530000000000000E+00   1.987529800667594E+00  -1.412719081906528E+00   2.801474465183122E-01  -1.779622858198465E+00   2.014323211320091E-12
  2.540000000000000E+00   1.990101965065954E+00  -1.429995687663155E+00   2.351913419356565E-01  -1.675919121003175E+00   1.973022914804035E-12
  2.550000000000000E+00   1.992251076911427E+00  -1.446241487151034E+00   1.954709619606670E-01  -1.573423357480312E+00   1.985679457284762E-12
  2.560000000000000E+00   1.994027556683387E+00  -1.461467466860610E+00   1.606030253766027E-01  -1.471922196482912E+00   1.990342393988187E-12
  2.570000000000000E+00   1.995478106013101E+00  -1.475682631361407E+00   1.302262530852435E-01  -1.371231992207083E+00   2.001444624234439E-12
  2.580000000000000E+00   1.996645905366968E+00  -1.488894282618616E+00   1.039970337024921E-01  -1.271195336428865E+00   1.984458211957674E-12
  2.590000000000000E+00   1.997570772144074E+00  -1.501108267186650E+00   8.158581823211264E-02  -1.171678099371711E+00   1.989676260173412E-12
  2.600000000000000E+00   1.998289285853019E+00  -1.512329195946747E+00   6.267412356772456E-02  -1.072566880056187E+00   1.989454215568487E-12
  2.610000000000000E+00   1.998834885964229E+00  -1.522560639993660E+00   4.695205002789234E-02  -9.737667717953644E-01   1.993895107666988E-12
  2.620000000000000E+00   1.999237947185307E+00  -1.531805305433608E+00   3.411623710110197E-02  -8.751993678323648E-01   1.991896706222663E-12
  2.630000000000000E+00   1.999525836222826E+00  -1.540065189185039E+00   2.386819565684611E-02  -7.768009474187869E-01   1.990175860534494E-12
  2.640000000000000E+00   1.999722953530934E+00  -1.547341717340400E+00   1.591296523795441E-02  -6.785207949343494E-01   1.991036283378578E-12
  2.650000000000000E+00   1.999850763072995E+00  -1.553635867224932E+00   9.958052563975838E-03  -5.803196146826146E-01   1.990980772227347E-12
  2.660000000000000E+00   1.999927812712019E+00  -1.558948273957569E+00   5.712612715806742E-03  -4.821680122814273E-01   1.992715495703324E-12
  2.670000000000000E+00   1.999969747479987E+00  -1.563279322063716E+00   2.886838159161222E-03  -3.840450204606302E-01   1.990911383288308E-12
  2.680000000000000E+00   1.999989317640871E+00  -1.566629222497410E+00   1.191523212242751E-03  -2.859366528274971E-01   1.991806500601912E-12
  2.690000000000000E+00   1.999996383146528E+00  -1.568998075290579E+00   3.377731028689628E-04  -1.878344739241674E-01   1.992472634416687E-12
  2.700000000000000E+00   1.999997915781061E+00  -1.570385917950463E+00   3.682765973644515E-05  -8.973417778084430E-02   1.992091862613710E-12
  2.710000000000000E+00   1.999997999992297E+00  -1.570792759664221E+00  -2.984458947288217E-08   8.365829776404439E-03   1.992425851092944E-12
  2.720000000000000E+00   1.999997833115451E+00  -1.570218601334320E+00  -6.150796848971167E-05   1.064658475437093E-01   1.992766670045865E-12
  2.730000000000000E+00   1.999995725401800E+00  -1.568663441451542E+00  -4.363156880055732E-04   2.045662950820999E-01   1.991064038954194E-12
  2.740000000000000E+00   1.999987099973365E+00  -1.566127267806634E+00  -1.413173471515026E-03   3.026691288768308E-01   1.991105672317617E-12
  2.750000000000000E+00   1.999964492532833E+00  -1.562610035039017E+00  -3.280856019623504E-03   4.007792588709441E-01   1.989801160263683E-12
  2.760000000000000E+00   1.999917550366112E+00  -1.558111628013862E+00  -6.328295871490086E-03   4.989059665699423E-01   1.990717094258998E-12
  2.770000000000000E+00   1.999833029882496E+00  -1.552631810999427E+00  -1.084477717086456E-02   5.970643275280211E-01   1.989537482295334E-12
  2.780000000000000E+00   1.999694791643466E+00  -1.546170162577145E+00  -1.712024913248592E-02   6.952766434214893E-01   1.991397105861581E-12
  2.790000000000000E+00   1.999483791533332E+00  -1.538725996149585E+00  -2.544578928211139E-02   7.935738921076696E-01   1.988899104056175E-12
  2.800000000000000E+00   1.999178066419753E+00  -1.530298265808055E+00  -3.611424753559867E-02   8.919972080928174E-01   1.990897505500500E-12
  2.810000000000000E+00   1.998752712333777E+00  -1.520885457173493E+00  -4.942110385668221E-02   9.905994107557818E-01   1.991064038954194E-12
  2.820000000000000E+00   1.998179852859434E+00  -1.510485462622131E+00  -6.566557486680812E-02   1.089446603604041E+00   1.992562840037438E-12
  2.830000000000000E+00   1.997428595050735E+00  -1.499095440040142E+00  -8.515200871793023E-02   1.188619874949745E+00   1.994450219179300E-12
  2.840000000000000E+00   1.996464969774120E+00  -1.486711653906174E+00  -1.081916132099675E-01   1.288217138946502E+00   1.986678658006924E-12
  2.850000000000000E+00   1.995251852887009E+00  -1.473329297061125E+00  -1.351045700822133E-01   1.388355166307216E+00   1.988343992543862E-12
  2.860000000000000E+00   1.993748863082002E+00  -1.458942290969750E+00  -1.662225993326067E-01   1.489171866777764E+00   1.990564438593112E-12
  2.870000000000000E+00   1.991912231517357E+00  -1.443543061581486E+00  -2.018920522401344E-01   1.590828901348438E+00   2.008328006987115E-12
  2.880000000000000E+00   1.989694637472718E+00  -1.427122287021349E+00  -2.424776317164858E-01   1.693514722336286E+00   1.968804067310459E-12
  2.890000000000000E+00   1.987045003155663E+00  -1.409668612236460E+00  -2.883668653732370E-01   1.797448165401770E+00   1.983681055840436E-12
  2.900000000000000E+00   1.983908239359778E+00  -1.391168324321346E+00  -3.399754925914099E-01   1.902882751434734E+00   1.993006929247288E-12
  2.910000000000000E+00   1.980224931833008E+00  -1.371604980452361E+00  -3.977539751966256E-01   2.010111901128524E+00   2.022316817097392E-12
  2.920000000000000E+00   1.975930955808110E+00  -1.350958978046848E+00  -4.621954067575709E-01   2.119475325357032E+00   1.925727413955003E-12
  2.930000000000000E+00   1.970957002974496E+00  -1.329207053742786E+00  -5.338451848052139E-01   2.231366936558581E+00   1.980794475976411E-12
  2.940000000000000E+00   1.965228000944861E+00  -1.306321693806926E+00  -6.133129333623420E-01   2.346244739589643E+00   1.993673063062063E-12
  2.950000000000000E+00   1.958662399587183E+00  -1.282270433248348E+00  -7.012873348840264E-01   2.464643318924935E+00   2.049628303503171E-12
  2.960000000000000E+00   1.951171290857794E+00  -1.257015013687875E+00  -7.985547734848614E-01   2.587189763850426E+00   1.968359978100609E-12
  2.970000000000000E+00   1.942657318118699E+00  -1.230510360099204E+00  -9.060230397209218E-01   2.714624197133678E+00   1.863110835366144E-12
  2.980000000000000E+00   1.933013316039853E+00  -1.202703322663982E+00  -1.024751855495846E+00   2.847826547022815E+00   1.894641169265499E-12
  2.990000000000000E+00   1.922120601080956E+00  -1.173531110287990E+00  -1.155992732862746E+00   2.987851909975071E+00   1.955925480224808E-12
  3.000000000000000E+00   1.909846802090337E+00  -1.142919313852753E+00  -1.301241825326465E+00   3.135977928131945E+00   1.984791278865062E-12
  3.010000000000000E+00   1.896043075762394E+00  -1.110779375292975E+00  -1.462311204762726E+00   3.293769280332814E+00   1.979462208346861E-12
  3.020000000000000E+00   1.880540484380065E+00  -1.077005295313237E+00  -1.641426816569916E+00   3.463167055693052E+00   1.918177897387552E-12
  3.030000000000000E+00   1.863145209643012E+00  -1.041469274829358E+00  -1.841365971553876E+00   3.646615155464085E+00   1.846235445391842E-12
  3.040000000000000E+00   1.843632112444813E+00  -1.004015830078765E+00  -2.065654996420960E+00   3.847243270196914E+00   1.962586818372558E-12
  3.050000000000000E+00   1.821735880915165E+00  -9.644536672505586E-01  -2.318861224945652E+00   4.069138948895665E+00   2.058510087700172E-12
  3.060000000000000E+00   1.797138556506043E+00  -9.225441711451308E-01  -2.607038187936139E+00   4.317764954202516E+00   1.884427117438947E-12
  3.070000000000000E+00   1.769451429970422E+00  -8.779845990312362E-01  -2.938429956232815E+00   4.600623432505797E+00   2.091372689229077E-12
  3.080000000000000E+00   1.738187821577810E+00  -8.303826521953963E-01  -3.324635674651372E+00   4.928360249160933E+00   1.769852101297631E-12
  3.090000000000000E+00   1.702720359022624E+00  -7.792163019701168E-01  -3.782640680828935E+00   5.316701787157634E+00   1.832024590676640E-12
  3.100000000000000E+00   1.662210248797533E+00  -7.237668291522038E-01  -4.338602301920042E+00   5.790084687095364E+00   1.965251353631659E-12
  3.110000000000000E+00   1.615481925963683E+00  -6.629993343405267E-01  -5.035532122868654E+00   6.389061510520182E+00   2.095813581327577E-12
  3.120000000000000E+00   1.560779907700157E+00  -5.953293423694106E-01  -5.950754133688736E+00   7.187222064140301E+00   1.398593521862979E-12
  3.130000000000000E+00   1.495233679961147E+00  -5.181055132274262E-01  -7.242455846669213E+00   8.336562231152392E+00   1.299117538856565E-12
  3.140000000000000E+00   1.413430524727218E+00  -4.262199959247917E-01  -9.308698735817856E+00   1.022333878948979E+01   2.363155285657315E-12
  3.150000000000000E+00   1.302048876381984E+00  -3.068425534241124E-01  -1.364918590927642E+01   1.431796255987123E+01   2.404011492963521E-12
  3.160000000000000E+00   1.077019576209559E+00  -7.709700731183899E-02  -5.724894605184679E+01   5.741956826928114E+01   2.151768821768685E-12
  3.170000000000000E+00   7.169696643071745E-01   2.869514210414975E-01  -1.470002624570741E+01   1.532673314360813E+01   2.993761963644404E-12
  3.180000000000000E+00   5.993292902106152E-01   4.122481132742351E-01  -9.695324173210297E+00   1.058185655059856E+01   3.004420104680805E-12
  3.190000000000000E+00   5.146397097887812E-01   5.067746151433939E-01  -7.460812425670668E+00   8.533336316538842E+00   2.979551108929202E-12
  3.200000000000000E+00   4.473106189622237E-01   5.855873090535680E-01  -6.097311456370270E+00   7.316304359583595E+00   2.951129399498798E-12
  3.210000000000000E+00   3.913533738754771E-01   6.543532784206797E-01  -5.143471123863329E+00   6.482487807727986E+00   2.918266797969893E-12
  3.220000000000000E+00   3.436729356258938E-01   7.159397430125891E-01  -4.422802289916625E+00   5.862084475197327E+00   2.888956910119789E-12
  3.230000000000000E+00   3.024052788270198E-01   7.720345455044630E-01  -3.850912463552984E+00   5.374675028387277E+00   2.907608656933492E-12
  3.240000000000000E+00   2.663149005529764E-01   8.237291322480922E-01  -3.381534926568165E+00   4.976583399342217E+00   2.858758843849985E-12
  3.250000000000000E+00   2.345267453841508E-01   8.717761198610929E-01  -2.986822730309640E+00   4.641762696224285E+00   2.856982487010585E-12
  3.260000000000000E+00   2.063899860884856E-01   9.167192665143806E-01  -2.648833637704400E+00   4.353580750278564E+00   2.853429773331784E-12
  3.270000000000000E+00   1.814019745493129E-01   9.589655355316234E-01  -2.355389317165211E+00   4.100847102294134E+00   2.886292374860689E-12
  3.280000000000000E+00   1.591626798138435E-01   9.988279783551377E-01  -2.097876255353972E+00   3.875714491486137E+00   2.854317951751484E-12
  3.290000000000000E+00   1.393458466945104E-01   1.036552701366672E+00  -1.869995055000274E+00   3.672491918319318E+00   2.880075125922788E-12
  3.300000000000000E+00   1.216799141898351E-01   1.072336594190580E+00  -1.667008929843302E+00   3.486935457596839E+00   2.837442561777182E-12
  3.310000000000000E+00   1.059349253873447E-01   1.106339418924447E+00  -1.485271293704101E+00   3.315805030842462E+00   2.863199735948485E-12
  3.320000000000000E+00   9.191327230282080E-02   1.138692311361561E+00  -1.321917344771430E+00   3.156576792001736E+00   2.870305163306086E-12
  3.330000000000000E+00   7.944298327090091E-02   1.169503918159476E+00  -1.174656124249238E+00   3.007250451030403E+00   2.876078323034137E-12
  3.340000000000000E+00   6.837274762102112E-02   1.198864929378995E+00  -1.041626364242011E+00   2.866216620634067E+00   2.868528806466686E-12
  3.350000000000000E+00   5.856815886515982E-02   1.226851493600047E+00  -9.212940988197307E-01   2.732163298173679E+00   2.868084717256836E-12
  3.360000000000000E+00   4.990883237911463E-02   1.253527837364064E+00  -8.123783614273663E-01   2.604008558059972E+00   2.868528806466686E-12
  3.370000000000000E+00   4.228616358891273E-02   1.278948306877876E+00  -7.137962229425427E-01   2.480851217801505E+00   2.865864271207586E-12
  3.380000000000000E+00   3.560156390113840E-02   1.303158982931141E+00  -6.246214312852034E-01   2.361934089598416E+00   2.866752449627286E-12
  3.390000000000000E+00   2.976505886980109E-02   1.326198975675323E+00  -5.440527990599918E-01   2.246616209809737E+00   2.872969698565187E-12
  3.400000000000000E+00   2.469416513198069E-02   1.348101475950447E+00  -4.713896983437730E-01   2.134351579558540E+00   2.883627839601588E-12
  3.410000000000000E+00   2.031298479470690E-02   1.368894619172862E+00  -4.060128193820051E-01   2.024672697439894E+00   2.871415386330712E-12
  3.420000000000000E+00   1.655147153746890E-02   1.388602203270012E+00  -3.473688854355722E-01   1.917177665295360E+00   2.849655015048059E-12
  3.430000000000000E+00   1.334483382867061E-02   1.407244291766744E+00  -2.949583821878521E-01   1.811519988559259E+00   2.856094308590884E-12
  3.440000000000000E+00   1.063304872181205E-02   1.424837725592469E+00  -2.483256147356885E-01   1.707400428538107E+00   2.864309958973111E-12
  3.450000000000000E+00   8.360465617279315E-03   1.441396561629123E+00  -2.070505849336330E-01   1.604560429880877E+00   2.866752449627286E-12
  3.460000000000000E+00   6.475483769765244E-03   1.456932451876788E+00  -1.707423104886819E-01   1.502776764883850E+00   2.873635832379962E-12
  3.470000000000000E+00   4.930290616942400E-03   1.471454973981211E+00  -1.390333003614175E-01   1.401857121923553E+00   2.857537598522897E-12
  3.480000000000000E+00   3.680650501122259E-03   1.484971921470181E+00  -1.115749691993212E-01   1.301636428111103E+00   2.866197338114973E-12
  3.490000000000000E+00   2.685735264428700E-03   1.497489560191231E+00  -8.803382383273201E-02   1.201973742923847E+00   2.869194940281461E-12
  3.500000000000000E+00   1.907989671554959E-03   1.509012855994574E+00  -6.808829221579456E-02   1.102749594718922E+00   2.871970497843024E-12
  3.510000000000000E+00   1.313025764592296E-03   1.519545677564280E+00  -5.142609303074611E-02   1.003863658887820E+00   2.863976892065723E-12
  3.520000000000000E+00   8.695411632110120E-04   1.529090977396736E+00  -3.774206492964188E-02   9.052326972382502E-01   2.869028406827768E-12
  3.530000000000000E+00   5.492570528633789E-04   1.537650953206457E+00  -2.673638981849120E-02   8.067886945949013E-01   2.872303564750412E-12
  3.540000000000000E+00   3.268721996372633E-04   1.545227191467227E+00  -1.811315597744268E-02   7.084771417378323E-01   2.866363871568667E-12
  3.550000000000000E+00   1.800298287839234E-04   1.551820794342827E+00  -1.157921511355647E-02   6.102554244595831E-01   2.866530405022361E-12
  3.560000000000000E+00   8.929463154000695E-05   1.557432490904663E+00  -6.843293384833539E-03   5.120912872951607E-01   2.868390028588608E-12
  3.570000000000000E+00   3.813754241893643E-05   1.562062733256691E+00  -3.615320577362522E-03   4.139613477663079E-01   2.868945140100921E-12
  3.580000000000000E+00   1.292627247516201E-05   1.565711777977775E+00  -1.605944404755655E-03   3.158496430582405E-01   2.869125551342422E-12
  3.590000000000000E+00   2.919904680824532E-06   1.568379753136816E+00  -5.261986846639328E-04   2.177461960980257E-01   2.868362273012992E-12
  3.600000000000000E+00   2.661641916466375E-07   1.570066711027130E+00  -8.729521690970714E-05   1.196455921448806E-01   2.867690935027789E-12
  3.610000000000000E+00   2.747710226403277E-10   1.570772666694851E+00  -5.097709799070779E-07   2.154556030493490E-02   2.868811918758976E-12
  3.620000000000000E+00   4.460700428670696E-08   1.570497622293400E+00   2.286713218382104E-05  -7.655444311635444E-02   2.868286812541787E-12
  3.630000000000000E+00   1.208616427585334E-06   1.569241577274463E+00   2.715438522415293E-04  -1.746546507924342E-01   2.869673723960831E-12
  3.640000000000000E+00   7.188861661670907E-06   1.567004524417563E+00   1.034234853937270E-03  -2.727564005101468E-01   2.867647566940890E-12
  3.650000000000000E+00   2.456918427689953E-05   1.563786431697580E+00   2.599690699462115E-03  -3.708635515161343E-01   2.868320639649569E-12
  3.660000000000000E+00   6.282142404688902E-05   1.559587209984616E+00   5.256779998300546E-03  -4.689839019342170E-01   2.867071638746866E-12
  3.670000000000000E+00   1.343073353340189E-04   1.554406666555804E+00   9.294652568152194E-03  -5.671306094897602E-01   2.868195739559299E-12
  3.680000000000000E+00   2.542826636673525E-04   1.548244444366135E+00   1.500301324876295E-02  -6.653236199329977E-01   2.869999851974315E-12
  3.690000000000000E+00   4.409046379269515E-04   1.541099946967422E+00   2.267253623976500E-02  -7.635911104997981E-01   2.867696139198217E-12
  3.700000000000000E+00   7.152444359526146E-04   1.532972248872997E+00   3.259545066441362E-02  -8.619709595148807E-01   2.866585916173592E-12
  3.710000000000000E+00   1.101306495046554E-03   1.523859991032237E+00   4.506632950066347E-02  -9.605122578822760E-01   2.867751650349449E-12
  3.720000000000000E+00   1.626056870905739E-03   1.513761260894393E+00   6.038311632908100E-02  -1.059276883816140E+00   2.874968100009512E-12
  3.730000000000000E+00   2.319463209404415E-03   1.502673456295046E+00   7.884842784595972E-02  -1.158341168892425E+00   2.858425776942597E-12
  3.740000000000000E+00   3.214549299004567E-03   1.490593132078565E+00   1.007711751806169E-01  -1.257797691581380E+00   2.868084717256836E-12
  3.750000000000000E+00   4.347467636019165E-03   1.477515827961036E+00   1.264685542434152E-01  -1.357757244193577E+00   2.882517616576963E-12
  3.760000000000000E+00   5.757593984132735E-03   1.463435875621130E+00   1.562684652619300E-01  -1.458351031132611E+00   2.852541594912084E-12
  3.770000000000000E+00   7.487648575397173E-03   1.448346182355967E+00   1.905124351818712E-01  -1.559733171193753E+00   2.866308360417436E-12
  3.780000000000000E+00   9.583849423503302E-03   1.432237987821706E+00   2.295591348423882E-01  -1.662083595366300E+00   2.872303564750412E-12
  3.790000000000000E+00   1.209610425530490E-02   1.415100589349380E+00   2.737886073066524E-01  -1.765611455569576E+00   2.875190144614437E-12
  3.800000000000000E+00   1.507824888676236E-02   1.396921030023197E+00   3.236073565460046E-01  -1.870559190925834E+00   2.834333937308231E-12
  3.810000000000000E+00   1.858834157080331E-02   1.377683742046658E+00   3.794544897863253E-01  -1.977207439304862E+00   2.865642226602661E-12
  3.820000000000000E+00   2.268902506089943E-02   1.357370135782883E+00   4.418091664222101E-01  -2.085881036902475E+00   2.879631036712938E-12
  3.830000000000000E+00   2.744797104731670E-02   1.335958122074286E+00   5.111996875266029E-01  -2.196956423229139E+00   2.892065534588740E-12
  3.840000000000000E+00   3.293842549113563E-02   1.313421551787866E+00   5.882146714622705E-01  -2.310870871409750E+00   2.807244495507378E-12
  3.850000000000000E+00   3.923987856725327E-02   1.289729551659676E+00   6.735169160313446E-01  -2.428134106492758E+00   2.833001669678681E-12
  3.860000000000000E+00   4.643888995983295E-02   1.264845728935365E+00   7.678607657158920E-01  -2.549343076176178E+00   2.868528806466686E-12
  3.870000000000000E+00   5.463010990182648E-02   1.238727208302369E+00   8.721141141004864E-01  -2.675200927584730E+00   2.872081520145487E-12
  3.880000000000000E+00   6.391754976955638E-02   1.211323452100029E+00   9.872866237340536E-01  -2.806541665200143E+00   2.888512820909939E-12
  3.890000000000000E+00   7.441617498375827E-02   1.182574797127096E+00   1.114566413650839E+00  -2.944362590124750E+00   2.893397802218290E-12
  3.900000000000000E+00   8.625392015079536E-02   1.152410615970911E+00   1.255368470946448E+00  -3.089867566017016E+00   2.886736464070539E-12
  3.910000000000000E+00   9.957426611616546E-02   1.120746973569486E+00   1.411399591470132E+00  -3.244525617084484E+00   2.872969698565187E-12
  3.920000000000000E+00   1.145395779128822E-01   1.087483594017866E+00   1.584747096127799E+00  -3.410151673297115E+00   2.887180553280389E-12
  3.930000000000000E+00   1.313354931923640E-01   1.052499867268641E+00   1.778002522601003E+00  -3.589020030771197E+00   2.886292374860689E-12
  3.940000000000000E+00   1.501767928238417E-01   1.015649491046050E+00   1.994438089656369E+00  -3.784027378700178E+00   2.856982487010585E-12
  3.950000000000000E+00   1.713154149601317E-01   9.767531254652249E-01   2.238265124361116E+00  -3.998933130489438E+00   2.806356317087677E-12
  3.960000000000000E+00   1.950516578165006E-01   9.355880722889826E-01   2.515024104648703E+00  -4.238724411545044E+00   2.946688507400297E-12
  3.970000000000000E+00   2.217502844050796E-01   8.918733524283713E-01   2.832194428660725E+00  -4.510190040803665E+00   2.799250889730076E-12
  3.980000000000000E+00   2.518644599607010E-01   8.452473875924712E-01   3.200188269034347E+00  -4.822861401875952E+00   2.956458470016999E-12
  3.990000000000000E+00   2.859727980794577E-01   7.952332342968396E-01   3.634053968424710E+00  -5.190634017859458E+00   2.959123005276099E-12
  4.000000000000000E+00   3.248396230024152E-01   7.411816501460577E-01   4.156582213119102E+00  -5.634740748921230E+00   2.983103822608002E-12
  4.010000000000000E+00   3.695193738328753E-01   6.821717799521939E-01   4.804432993916683E+00  -6.189648389575495E+00   2.467960339181930E-12
  4.020000000000000E+00   4.215530334600665E-01   6.168230051954744E-01   5.641535209154305E+00  -6.916023674766380E+00   2.379142497211917E-12
  4.030000000000000E+00   4.833819836904996E-01   5.428957388276224E-01   6.792889568282593E+00  -7.933622017640835E+00   3.112777871884221E-12
  4.040000000000000E+00   5.593784859920774E-01   4.562902785666931E-01   8.550174131417352E+00  -9.524615077975165E+00   3.079027091935616E-12
  4.050000000000000E+00   6.592416863794397E-01   3.477226656412443E-01   1.184945374315582E+01  -1.260378754029449E+01   3.352586045203254E-12
  4.060000000000000E+00   8.195804412147976E-01   1.814121600363318E-01   2.394870621353412E+01  -2.434828816473032E+01   3.398771323027661E-12
  4.070000000000000E+00   1.233388065796537E+00  -2.355617916643835E-01   1.819787375896657E+01  -1.871472955718305E+01   3.890822167541530E-12
  4.080000000000000E+00   1.369587116205512E+00  -3.785661101905957E-01   1.073470061499365E+01  -1.155269358279828E+01   3.821544250804920E-12
  4.090000000000000E+00   1.461789897645082E+00  -4.800137362035666E-01   8.012711492153064E+00  -9.033621953117402E+00   3.716739197280305E-12
  4.100000000000000E+00   1.533557891563419E+00  -5.628035450142056E-01   6.457113558271583E+00  -7.634672160390852E+00   3.727397338316707E-12
  4.110000000000000E+00   1.592570313912380E+00  -6.342479673668829E-01   5.404059531213090E+00  -6.708810855982414E+00   3.734502765674308E-12
  4.120000000000000E+00   1.642536712010742E+00  -6.978063657304263E-01   4.623899954309405E+00  -6.034431730273987E+00   3.713186483601505E-12
  4.130000000000000E+00   1.685606786784973E+00  -7.554392178352405E-01   4.012761067619508E+00  -5.512263450138784E+00   3.690093844689302E-12
  4.140000000000000E+00   1.723169843032790E+00  -8.083833724089003E-01   3.515701049227957E+00  -5.090292811249418E+00   3.596835110620789E-12
  4.150000000000000E+00   1.756192335197504E+00  -8.574770588666600E-01   3.100474605564484E+00  -4.738274794127577E+00   3.563972509091884E-12
  4.160000000000000E+00   1.785383425817501E+00  -9.033181863571532E-01   2.746691584210784E+00  -4.437256578695719E+00   3.619039571113292E-12
  4.170000000000000E+00   1.811285069254704E+00  -9.463498848478075E-01   2.440711811122322E+00  -4.174671139527288E+00   3.635026782667894E-12
  4.180000000000000E+00   1.834324934893286E+00  -9.869104187078982E-01   2.172999260063734E+00  -3.941808212717612E+00   3.687429309430201E-12
  4.190000000000000E+00   1.854849394373939E+00  -1.025264091420352E+00   1.936645934574707E+00  -3.732411064178665E+00   3.621704106372392E-12
  4.200000000000000E+00   1.873145074630405E+00  -1.061621308246290E+00   1.726498625884106E+00  -3.541850992163613E+00   3.649237637383096E-12
  4.210000000000000E+00   1.889453491460194E+00  -1.096152114912807E+00   1.538617009168767E+00  -3.366617986994699E+00   3.674994811554400E-12
  4.220000000000000E+00   1.903981306812875E+00  -1.128995634273832E+00   1.369923684406935E+00  -3.203993760810076E+00   3.664336670517998E-12
  4.230000000000000E+00   1.916907713881544E+00  -1.160266827231978E+00   1.217970410850525E+00  -3.051834709023087E+00   3.625700909261043E-12
  4.240000000000000E+00   1.928389876715252E+00  -1.190061453001651E+00   1.080777355240818E+00  -2.908423662034310E+00   3.610601876126141E-12
  4.250000000000000E+00   1.938567015629487E+00  -1.218459784715646E+00   9.567197179359253E-01  -2.772366089479010E+00   3.610601876126141E-12
  4.260000000000000E+00   1.947563527230285E+00  -1.245529444481494E+00   8.444459733096576E-01  -2.642515844490048E+00   3.619483660323142E-12
  4.270000000000000E+00   1.955491401562057E+00  -1.271327602698539E+00   7.428177302017074E-01  -2.517921025729093E+00   3.639467674766394E-12
  4.280000000000000E+00   1.962452117784982E+00  -1.295902710100515E+00   6.508647033948592E-01  -2.397783840525166E+00   3.662116224468748E-12
  4.290000000000000E+00   1.968538146365804E+00  -1.319295880856869E+00   5.677504548727011E-01  -2.281430401532637E+00   3.663004402888448E-12
  4.300000000000000E+00   1.973834149774223E+00  -1.341542011383906E+00   4.927459474891537E-01  -2.168287692816218E+00   3.672774365505149E-12
  4.310000000000000E+00   1.978417948935972E+00  -1.362670696413685E+00   4.252088579595908E-01  -2.057865789899489E+00   3.691426112318852E-12
  4.320000000000000E+00   1.982361305377720E+00  -1.382706987721375E+00   3.645671995132850E-01  -1.949743982438504E+00   3.639023585556544E-12
  4.330000000000000E+00   1.985730556682821E+00  -1.401672029429930E+00   3.103062149451878E-01  -1.843559830327012E+00   3.653678529481596E-12
  4.340000000000000E+00   1.988587133988719E+00  -1.419583595515329E+00   2.619577847737188E-01  -1.739000447401275E+00   3.663892581308148E-12
  4.350000000000000E+00   1.990987983759690E+00  -1.436456549053033E+00   2.190917947869247E-01  -1.635795491306492E+00   3.683432506541551E-12
  4.360000000000000E+00   1.992985911261349E+00  -1.452303238223186E+00   1.813090495134729E-01  -1.533711469106576E+00   3.657231243160397E-12
  4.370000000000000E+00   1.994629859569841E+00  -1.467133840685311E+00   1.482354208217249E-01  -1.432547062618483E+00   3.658785555394872E-12
  4.380000000000000E+00   1.995965135234181E+00  -1.480956665335211E+00   1.195169957578514E-01  -1.332129246387099E+00   3.664114625913073E-12
  4.390000000000000E+00   1.997033589641272E+00  -1.493778418453642E+00   9.481604287940584E-02  -1.232310022229716E+00   3.673218454714999E-12
  4.400000000000000E+00   1.997873763539892E+00  -1.505604439695766E+00   7.380765722207244E-02  -1.132963632542947E+00   3.661339068351510E-12
  4.410000000000000E+00   1.998521000941150E+00  -1.516438912144353E+00   5.617697447718957E-02  -1.033984143671277E+00   3.664003603610610E-12
  4.420000000000000E+00   1.999007537637582E+00  -1.526285049679694E+00   4.161686766016200E-02  -9.352833131051459E-01   3.666834672323405E-12
  4.430000000000000E+00   1.999362568804719E+00  -1.535145264148430E+00   2.982605644957454E-02  -8.367886718908445E-01   3.667445294986948E-12
  4.440000000000000E+00   1.999612299516311E+00  -1.543021314199995E+00   2.050757188414084E-02  -7.384417676616741E-01   3.667889384196799E-12
  4.450000000000000E+00   1.999779981479588E+00  -1.549914437172130E+00   1.336752826227213E-02  -6.401965250433314E-01   3.667306517108870E-12
  4.460000000000000E+00   1.999885938850161E+00  -1.555825465022454E+00   8.114160684972428E-03  -5.420176894858378E-01   3.666196294084245E-12
  4.470000000000000E+00   1.999947585595239E+00  -1.560754925003289E+00   4.457091322835408E-03  -4.438793282804923E-01   3.665779960450011E-12
  4.480000000000000E+00   1.999979436521463E+00  -1.564703125547619E+00   2.106790647403688E-03  -3.457633689428090E-01   3.665356687921872E-12
  4.490000000000000E+00   1.999993113757159E+00  -1.567670227663442E+00   7.742019250873539E-04  -2.476581604912622E-01   3.665960371691512E-12
  4.500000000000000E+00   1.999997350168650E+00  -1.569656302011871E+00   1.704985331287480E-04  -1.495570475608053E-01   3.666831202876453E-12
  4.510000000000000E+00   1.999997990889760E+00  -1.570661371762147E+00   6.944367384290558E-06  -5.145695084312825E-02   3.666574897482877E-12
  4.520000000000000E+00   1.999997993848386E+00  -1.570685441266074E+00  -5.172034209307067E-06   4.664304991221017E-02   3.665826147462559E-12
  4.530000000000000E+00   1.999997429881054E+00  -1.569728510567121E+00  -1.545588815697218E-04   1.447431321456970E-01   3.666357623367511E-12
  4.540000000000000E+00   1.999993482734417E+00  -1.567790575747871E+00  -7.299272190690236E-04   2.428441466158207E-01   3.665592610314605E-12
  4.550000000000000E+00   1.999980448960827E+00  -1.564871615115896E+00  -2.020010883766395E-03   3.409490336328053E-01   3.665093009953524E-12
  4.560000000000000E+00   1.999949737423400E+00  -1.560971561224652E+00  -4.313629517598764E-03   4.390642399910552E-01   3.663712170066646E-12
  4.570000000000000E+00   1.999889867833941E+00  -1.556090258715000E+00  -7.899823858693318E-03   5.372011383344866E-01   3.663892581308148E-12
  4.580000000000000E+00   1.999786467454312E+00  -1.550227407936714E+00  -1.306809267691567E-02   6.353774526061607E-01   3.664419937244845E-12
  4.590000000000000E+00   1.999622264796672E+00  -1.543382494259915E+00  -2.010876105959915E-02   7.336186959373613E-01   3.666945694625867E-12
  4.600000000000000E+00   1.999377078857874E+00  -1.535554702906003E+00  -2.931351044202490E-02   8.319596308430054E-01   3.666668138869711E-12
  4.610000000000000E+00   1.999027802113763E+00  -1.526742819007841E+00  -4.097610200621746E-02   9.304457659563748E-01   3.667556317289411E-12
  4.620000000000000E+00   1.998548375173604E+00  -1.516945112441001E+00  -5.539332708383101E-02   1.029134908835790E+00   3.665224848937698E-12
  4.630000000000000E+00   1.997909750644039E+00  -1.506159206741631E+00  -7.286622129623627E-02   1.128098800742012E+00   3.667112228079561E-12
  4.640000000000000E+00   1.997079843363289E+00  -1.494381931130530E+00  -9.370158372207704E-02   1.227424866921430E+00   3.667556317289411E-12
  4.650000000000000E+00   1.996023463722783E+00  -1.481609154283092E+00  -1.182138488696207E-01   1.327218125142626E+00   3.673551521622387E-12
  4.660000000000000E+00   1.994702230272962E+00  -1.467835598003016E+00  -1.467273682466350E-01   1.427603306463514E+00   3.663448492098298E-12
  4.670000000000000E+00   1.993074457183623E+00  -1.453054628351109E+00  -1.795791706413153E-01   1.528727256083625E+00   3.660561912234272E-12
  4.680000000000000E+00   1.991095011358827E+00  -1.437258021018257E+00  -2.171222868829857E-01   1.630761699547882E+00   3.666557116567248E-12
  4.690000000000000E+00   1.988715133042380E+00  -1.420435696772662E+00  -2.597297472284924E-01   1.733906481762434E+00   3.691426112318852E-12
  4.700000000000000E+00   1.985882212525617E+00  -1.402575421599517E+00  -3.077993895255325E-01   1.838393415011827E+00   3.637469273322070E-12
  4.710000000000000E+00   1.982539513996424E+00  -1.383662464609534E+00  -3.617596565934871E-01   1.944490909907991E+00   3.655676930925922E-12
  4.720000000000000E+00   1.978625835525548E+00  -1.363679204814158E+00  -4.220766155980237E-01   2.052509613483678E+00   3.670553919455899E-12
  4.730000000000000E+00   1.974075091509277E+00  -1.342604675301244E+00  -4.892625059691750E-01   2.162809346545685E+00   3.716295108070455E-12
  4.740000000000000E+00   1.968815800342893E+00  -1.320414029983662E+00  -5.638862234822487E-01   2.275807725328788E+00   3.599055556670039E-12
  4.750000000000000E+00   1.962770455362758E+00  -1.297077913634575E+00  -6.465862880737709E-01   2.391990981378655E+00   3.623480463211793E-12
  4.760000000000000E+00   1.955854750692991E+00  -1.272561709929415E+00  -7.380870391950369E-01   2.511927674859784E+00   3.662116224468748E-12
  4.770000000000000E+00   1.947976624884552E+00  -1.246824634047966E+00  -8.392190814989885E-01   2.636286255185360E+00   3.681656149702150E-12
  4.780000000000000E+00   1.939035073116599E+00  -1.219818625093236E+00  -9.509454065520161E-01   2.765857797948121E+00   3.719847821749256E-12
  4.790000000000000E+00   1.928918661707713E+00  -1.191486977710906E+00  -1.074395208129857E+00   2.901585800341754E+00   3.707857413083304E-12
  4.800000000000000E+00   1.917503654383235E+00  -1.161762629602468E+00  -1.210908294741404E+00   3.044605748664502E+00   3.659007599999797E-12
  4.810000000000000E+00   1.904651624424166E+00  -1.130565988575228E+00  -1.362094357601150E+00   3.196298447165716E+00   3.641244031605795E-12
  4.820000000000000E+00   1.890206374453837E+00  -1.097802133635458E+00  -1.529913471587825E+00   3.358363100423555E+00   3.665224848937698E-12
  4.830000000000000E+00   1.873989906203719E+00  -1.063357149887246E+00  -1.716787609433999E+00   3.532919368257927E+00   3.654566707901297E-12
  4.840000000000000E+00   1.855797059089837E+00  -1.027093240364215E+00  -1.925758573709008E+00   3.722652963511407E+00   3.684764774171101E-12
  4.850000000000000E+00   1.835388238748622E+00  -9.888420705876958E-01  -2.160717358453787E+00   3.931028533869373E+00   3.714074662021205E-12
  4.860000000000000E+00   1.812479329725148E+00  -9.483954906927987E-01  -2.426746991792433E+00   4.162609886775589E+00   3.591506040102588E-12
  4.870000000000000E+00   1.786727324872652E+00  -9.054922438734471E-01  -2.730652472375799E+00   4.423557938510482E+00   3.742496371451609E-12
  4.880000000000000E+00   1.757709195626671E+00  -8.597983038285898E-01  -3.081812915539814E+00   4.722436045444904E+00   3.615486857434492E-12
  4.890000000000000E+00   1.724889619413082E+00  -8.108766493140195E-01  -3.493618312050172E+00   5.071575449098316E+00   3.643908566864895E-12
  4.900000000000000E+00   1.687569335360058E+00  -7.581385728509152E-01  -3.986036621434808E+00   5.489528390738807E+00   3.710521948342405E-12
  4.910000000000000E+00   1.644797523254763E+00  -7.007605061333517E-01  -4.590546940324714E+00   6.005807955992140E+00   3.472490131862771E-12
  4.920000000000000E+00   1.595211460888693E+00  -6.375307603151131E-01  -5.360559443034977E+00   6.670954134233996E+00   3.256662775875641E-12
  4.930000000000000E+00   1.536711552946290E+00  -5.665367320456078E-01  -6.396441888044155E+00   7.580842655634219E+00   3.906809379096132E-12
  4.940000000000000E+00   1.465698502568138E+00  -4.844254225828169E-01  -7.917986985815177E+00   8.947466451591447E+00   2.848100702813583E-12
  4.950000000000000E+00   1.374808989014367E+00  -3.841922186689929E-01  -1.054938332440147E+01   1.137889850746608E+01   4.091550490393758E-12
  4.960000000000000E+00   1.242139195999561E+00  -2.445713345310888E-01  -1.748227039805852E+01   1.801849650962687E+01   4.217671825991176E-12
  4.970000000000000E+00   8.317630242301304E-01   1.690400346175160E-01  -2.576738336947400E+01   2.613998967774097E+01   4.651102894804837E-12
  4.980000000000000E+00   6.651168053519740E-01   3.414805584700056E-01  -1.209792562314533E+01   1.283927917339264E+01   4.684853674753442E-12
  4.990000000000000E+00   5.636016359276779E-01   4.515912290938103E-01  -8.662657608258048E+00   9.627818137061588E+00   4.684853674753442E-12
  5.000000000000000E+00   4.867320865527795E-01   5.389876497066348E-01  -6.861346119618593E+00   7.994783629626689E+00   4.629786612732034E-12
  5.010000000000000E+00   4.243330931074474E-01   6.134189995367546E-01  -5.689268243594845E+00   6.957785374444521E+00   4.612023044338032E-12
  5.020000000000000E+00   3.718857815063281E-01   6.791268497555283E-01  -4.840402206464653E+00   6.220631789363010E+00   4.594259475944029E-12
  5.030000000000000E+00   3.268862913779659E-01   7.384106584488206E-01  -4.185067497921367E+00   5.659025404689343E+00   4.583601334907628E-12
  5.040000000000000E+00   2.877617964292975E-01   7.926812696506208E-01  -3.657396348211680E+00   5.210430665116632E+00   4.586265870166728E-12
  5.050000000000000E+00   2.534396397486747E-01   8.428766703615796E-01  -3.219793359429871E+00   4.839485334234629E+00   4.582713156487927E-12
  5.060000000000000E+00   2.231441908129486E-01   8.896566387713841E-01  -2.848965861615180E+00   4.524479281264226E+00   4.580048621228827E-12
  5.070000000000000E+00   1.962893803715646E-01   9.335050043485368E-01  -2.529573992759652E+00   4.251241681154294E+00   4.582713156487927E-12
  5.080000000000000E+00   1.724168898086919E-01   9.747880638255186E-01  -2.251025635547932E+00   4.010072341269545E+00   4.553403268637823E-12
  5.090000000000000E+00   1.511582573568534E-01   1.013790154231917E+00  -2.005724788763047E+00   3.794073759790368E+00   4.574719550710626E-12
  5.100000000000000E+00   1.322104467847500E-01   1.050736438866167E+00  -1.788052364929111E+00   3.598185991917305E+00   4.540080592342321E-12
  5.110000000000000E+00   1.153194399850992E-01   1.085808114748998E+00  -1.593742271970576E+00   3.418599182987239E+00   4.556067803896924E-12
  5.120000000000000E+00   1.002688407683950E-01   1.119152914395935E+00  -1.419483069637069E+00   3.252380702525717E+00   4.567614123353025E-12
  5.130000000000000E+00   8.687173274205204E-02   1.150892570304885E+00  -1.262654464012175E+00   3.097230013748313E+00   4.551626911798423E-12
  5.140000000000000E+00   7.496472133060307E-02   1.181128253782232E+00  -1.121147623538377E+00   2.951312616442212E+00   4.525869737627119E-12
  5.150000000000000E+00   6.440348413269907E-02   1.209944624401433E+00  -9.932393820589487E-01   2.813144613403737E+00   4.524981559207419E-12
  5.160000000000000E+00   5.505938909261111E-02   1.237412903142238E+00  -8.775021083932548E-01   2.681510645258122E+00   4.529422451305920E-12
  5.170000000000000E+00   4.681688534143397E-02   1.263593244804648E+00  -7.727377929350704E-01   2.555404388292710E+00   4.531642897355170E-12
  5.180000000000000E+00   3.957146413247136E-02   1.288536598065658E+00  -6.779289527108302E-01   2.433984656033897E+00   4.535195611033971E-12
  5.190000000000000E+00   3.322804781741855E-02   1.312286184700428E+00  -5.922014545726855E-01   2.316542509215096E+00   4.544521484440822E-12
  5.200000000000000E+00   2.769970531668814E-02   1.334878691552075E+00  -5.147959389302850E-01   2.202476271204623E+00   4.561840963624975E-12
  5.210000000000000E+00   2.290662021835973E-02   1.356345242970497E+00  -4.450455535844824E-01   2.091272311007426E+00   4.568502301772725E-12
  5.220000000000000E+00   1.877525691203507E-02   1.376712203463766E+00  -3.823583884336788E-01   1.982490093547719E+00   4.568946390982576E-12
  5.230000000000000E+00   1.523768380647849E-02   1.396001847587993E+00  -3.262034625322108E-01   1.875750426455566E+00   4.581158844253452E-12
  5.240000000000000E+00   1.223102248314735E-02   1.414232924956584E+00  -2.760994321450502E-01   1.770726127087173E+00   4.569612524797351E-12
  5.250000000000000E+00   9.696998777251444E-03   1.431421141573623E+00  -2.316054103298568E-01   1.667134538743169E+00   4.553403268637823E-12
  5.260000000000000E+00   7.581577041361543E-03   1.447579573752479E+00  -1.923134460816266E-01   1.564731470238767E+00   4.564505498884075E-12
  5.270000000000000E+00   5.834662769259045E-03   1.462719027171425E+00  -1.578423243363343E-01   1.463306237151645E+00   4.566725944933325E-12
  5.280000000000000E+00   4.409861711448844E-03   1.476848350799703E+00  -1.278324305088626E-01   1.362677558836567E+00   4.577051019062339E-12
  5.290000000000000E+00   3.264285859310392E-03   1.489974713261391E+00  -1.019414837340215E-01   1.262690121134382E+00   4.558621316853562E-12
  5.300000000000000E+00   2.358398398092383E-03   1.502103847522235E+00  -7.984098773978889E-02   1.163211656412505E+00   4.565948788816088E-12
  5.310000000000000E+00   1.655891065268839E-03   1.513240268465871E+00  -6.121328157634178E-02   1.064130424164241E+00   4.568391279470263E-12
  5.320000000000000E+00   1.123588398102920E-03   1.523387466884894E+00  -4.574909725048534E-02   9.653529996687433E-01   4.569279457889963E-12
  5.330000000000000E+00   7.313741869331273E-04   1.532548082585533E+00  -3.314554981485448E-02   8.668022971534765E-01   4.563284253556987E-12
  5.340000000000000E+00   4.521361229941837E-04   1.540724058647123E+00  -2.310449918250948E-02   7.684157689116721E-01   4.565504699606238E-12
  5.350000000000000E+00   2.617251839201758E-04   1.547916778354500E+00  -1.533123302324097E-02   6.701437339110055E-01   4.568419035045879E-12
  5.360000000000000E+00   1.389267678714819E-04   1.554127185907838E+00  -9.533427403341633E-03   5.719477992968101E-01   4.564338965430381E-12
  5.370000000000000E+00   6.544099323862364E-05   1.559355891690453E+00  -5.420347011522286E-03   4.737993463466562E-01   4.565074488184195E-12
  5.380000000000000E+00   2.586994343157334E-05   1.563603262625668E+00  -2.702250380482568E-03   3.756780592207165E-01   4.567003500689482E-12
  5.390000000000000E+00   7.709969495918042E-06   1.566869497966415E+00  -1.089967872052110E-03   2.775704805115145E-01   4.567364323172485E-12
  5.400000000000000E+00   1.347477646728948E-06   1.569154690725482E+00  -2.946216694795100E-04   1.794685822813388E-01   4.566372061344226E-12
  5.410000000000000E+00   5.693166727517361E-08   1.570458874860941E+00  -2.745787586640836E-05   8.136834508341009E-02   4.566289228298248E-12
  5.420000000000000E+00   9.663167041367159E-11   1.570782058271851E+00   2.387373968566838E-07  -1.673165955114725E-02   4.567299569197733E-12
  5.430000000000000E+00   2.258438522861201E-07   1.570124241625761E+00   7.717659133956828E-05  -1.148316854840582E-01   4.567996629879478E-12
  5.440000000000000E+00   2.670129128458475E-06   1.568485423024055E+00   4.920649604056098E-04  -2.129322281069720E-01   4.567298403680398E-12
  5.450000000000000E+00   1.215604813594438E-05   1.565865588505917E+00   1.533626609376655E-03  -3.110354405120686E-01   4.566163894527109E-12
  5.460000000000000E+00   3.639416468977970E-05   1.562264688389011E+00   3.490644584279460E-03  -4.091465500954797E-01   4.566642678206478E-12
  5.470000000000000E+00   8.598359931064319E-05   1.557682599437118E+00   6.652072362742942E-03  -5.072752768974453E-01   4.566059811118550E-12
  5.480000000000000E+00   1.744146581342930E-04   1.552119072824155E+00   1.130723667057665E-02  -6.054372566635337E-01   4.565171632698850E-12
  5.490000000000000E+00   3.180740763725030E-04   1.545573667822520E+00   1.774616253736600E-02  -7.036554740732105E-01   4.567364323172485E-12
  5.500000000000000E+00   5.362542487391321E-04   1.538045671073602E+00   2.626005072823835E-02  -8.019617148442885E-01   4.568169234865338E-12
  5.510000000000000E+00   8.511681253908768E-04   1.529534001191452E+00   3.714193872988191E-02  -9.003980495203265E-01   4.563006697800831E-12
  5.520000000000000E+00   1.287971771705849E-03   1.520037098298282E+00   5.068757821325076E-02  -9.990183667521919E-01   4.562729142044675E-12
  5.530000000000000E+00   1.874796932175854E-03   1.509552797883188E+00   6.719656462587278E-02  -1.097889979907828E+00   4.564172431976687E-12
  5.540000000000000E+00   2.642796314237822E-03   1.498078188102108E+00   8.697375863380544E-02  -1.197095338066359E+00   4.572277060056451E-12
  5.550000000000000E+00   3.626204732626926E-03   1.485609449284351E+00   1.103310449752929E-01  -1.296733881144963E+00   4.552404067915661E-12
  5.560000000000000E+00   4.862419749033319E-03   1.472141673962619E+00   1.375894824595515E-01  -1.396924089464353E+00   4.561285852112662E-12
  5.570000000000000E+00   6.392106032516670E-03   1.457668665177591E+00   1.690819100617182E-01  -1.497805791048484E+00   4.582491111883002E-12
  5.580000000000000E+00   8.259328387700150E-03   1.442182710097354E+00   2.051560892702586E-01  -1.599542806174956E+00   4.539192413922621E-12
  5.590000000000000E+00   1.051171929666216E-02   1.425674325098027E+00   2.461784833014252E-01  -1.702326029269642E+00   4.559620517575724E-12
  5.600000000000000E+00   1.320068795731034E-02   1.408131967324137E+00   2.925388012339313E-01  -1.806377074751351E+00   4.567392078748100E-12
  5.610000000000000E+00   1.638167925612338E-02   1.389541706315987E+00   3.446554719307836E-01  -1.911952648108162E+00   4.579604532018977E-12
  5.620000000000000E+00   2.011449299779456E-02   1.369886847459314E+00   4.029822621850587E-01  -2.019349849490522E+00   4.518542265664593E-12
  5.630000000000000E+00   2.446367617678871E-02   1.349147496646066E+00   4.680163206740829E-01  -2.128912678977941E+00   4.557844160736324E-12
  5.640000000000000E+00   2.949900432668596E-02   1.327300052443913E+00   5.403080210290802E-01  -2.241040097005517E+00   4.564949588093925E-12
  5.650000000000000E+00   3.529607231390153E-02   1.304316607987031E+00   6.204731038993924E-01  -2.356196109920166E+00   4.604917616980431E-12
  5.660000000000000E+00   4.193702077579185E-02   1.280164239331669E+00   7.092077946565506E-01  -2.474922513754738E+00   4.560508695995424E-12
  5.670000000000000E+00   4.951143234606403E-02   1.254804149599864E+00   8.073078235967261E-01  -2.597855161045278E+00   4.480572638222413E-12
  5.680000000000000E+00   5.811744276698502E-02   1.228190628018417E+00   9.156926350644103E-01  -2.725744949849040E+00   4.483237173481513E-12
  5.690000000000000E+00   6.786312730894543E-02   1.200269768676336E+00   1.035436597282759E+00  -2.859485224580534E+00   4.529422451305920E-12
  5.700000000000000E+00   7.886824468082754E-02   1.170977873514061E+00   1.167809806523076E+00  -3.000148011031491E+00   4.555179625477224E-12
  5.710000000000000E+00   9.126645206555717E-02   1.140239434649902E+00   1.314332266604428E+00  -3.149032624897910E+00   4.562285052834825E-12
  5.720000000000000E+00   1.052081512537769E-01   1.107964547709198E+00   1.476847068843995E+00  -3.307731934138260E+00   4.540080592342321E-12
  5.730000000000000E+00   1.208641956178883E-01   1.074045542220015E+00   1.657621134272802E+00  -3.478224337516004E+00   4.461920891408710E-12
  5.740000000000000E+00   1.384307953083102E-01   1.038352513596596E+00   1.859486889371174E+00  -3.663004093086591E+00   4.454815464051109E-12
  5.750000000000000E+00   1.581361287666473E-01   1.000727279630354E+00   2.086046376255031E+00  -3.865270383061337E+00   4.485013530320914E-12
  5.760000000000000E+00   1.802494480514382E-01   9.609750189754162E-01   2.341973544755655E+00  -4.089209131319808E+00   4.600476724881930E-12
  5.770000000000000E+00   2.050939396213252E-01   9.188523970347158E-01   2.633476497037481E+00  -4.340426566640606E+00   4.508106169233117E-12
  5.780000000000000E+00   2.330654414917426E-01   8.740501815103118E-01   2.969031343109082E+00  -4.626641559873591E+00   4.637780218509335E-12
  5.790000000000000E+00   2.646606788694013E-01   8.261668503847135E-01   3.360600577179002E+00  -4.958841567603630E+00   4.432611003558606E-12
  5.800000000000000E+00   3.005217625787313E-01   7.746667237036363E-01   3.825768962185522E+00  -5.353320283550442E+00   4.325141414774891E-12
  5.810000000000000E+00   3.415102392992423E-01   7.188098175610398E-01   4.391750245623379E+00  -5.835520971082715E+00   4.715051741023246E-12
  5.820000000000000E+00   3.888392105753481E-01   6.575258278451429E-01   5.103586098472909E+00  -6.447943851439575E+00   4.006285362102546E-12
  5.830000000000000E+00   4.443319504319332E-01   5.891657356941703E-01   6.042993005549528E+00  -7.268421981239358E+00   4.775447873562855E-12
  5.840000000000000E+00   5.109986227400446E-01   5.109439612479164E-01   7.379468504934881E+00  -8.459953202469013E+00   4.791435085117457E-12
  5.850000000000000E+00   5.946075804097402E-01   4.174074153681832E-01   9.549798334949138E+00  -1.044673276995117E+01   4.901569209160272E-12
  5.860000000000000E+00   7.098575177384935E-01   2.943749794782393E-01   1.429200759461887E+01  -1.493444692735336E+01   4.981505266933284E-12
  5.870000000000000E+00   1.039973204776766E+00  -3.998489849276451E-02   1.106400259361400E+02  -1.107286408220746E+02   4.842949433460064E-12
  5.880000000000000E+00   1.295263632488601E+00  -2.997327974374161E-01   1.400952139363055E+01  -1.466329214268378E+01   5.429147190462147E-12
  5.890000000000000E+00   1.408829204369638E+00  -4.211723289435167E-01   9.445666641041090E+00  -1.035017493950073E+01   5.477108825125954E-12
  5.900000000000000E+00   1.491660597709314E+00  -5.139974496391851E-01   7.320637084475031E+00  -8.406937832662569E+00   5.423818119943946E-12
  5.910000000000000E+00   1.557846885578003E+00  -5.917911191286954E-01   6.003501634505032E+00  -7.233639913413551E+00   5.132495598282305E-12
  5.920000000000000E+00   1.613001382005370E+00  -6.598558839048889E-01   5.074499259048502E+00  -6.422768057852982E+00   5.404278194710543E-12
  5.930000000000000E+00   1.660073778292096E+00  -7.209191803466514E-01   4.369059818111094E+00  -5.816118414024812E+00   5.331447564295133E-12
  5.940000000000000E+00   1.700858107609284E+00  -7.766021808429263E-01   3.807370594004562E+00  -5.337697314062444E+00   5.377632842119540E-12
  5.950000000000000E+00   1.736551322586398E+00  -8.279599543376435E-01   3.345266792861934E+00  -4.945845950065595E+00   5.360757452145237E-12
  5.960000000000000E+00   1.768005199270700E+00  -8.757233512652050E-01   2.955989874408247E+00  -4.615554879912185E+00   5.345658419010335E-12
  5.970000000000000E+00   1.795855528356334E+00  -9.204221964103626E-01   2.622212896647590E+00  -4.330774457834872E+00   5.315460352740531E-12
  5.980000000000000E+00   1.820594732095870E+00  -9.624540601792464E-01   2.332129425723388E+00  -4.080663965967936E+00   5.361645630564937E-12
  5.990000000000000E+00   1.842615597608665E+00  -1.002125396959794E+00   2.077362900557266E+00  -3.857597526635768E+00   5.330559385875433E-12
  6.000000000000000E+00   1.862239075594010E+00  -1.039677522649684E+00   1.851771471250269E+00  -3.656030412562029E+00   5.358092916886137E-12
  6.010000000000000E+00   1.879732734086949E+00  -1.075303750632960E+00   1.650726850327737E+00  -3.471818838418910E+00   5.327006672196632E-12
  6.020000000000000E+00   1.895323453208050E+00  -1.109161110179166E+00   1.470659402506741E+00  -3.301793368615157E+00   5.299473141185929E-12
  6.030000000000000E+00   1.909206421840840E+00  -1.141378606679832E+00   1.308760278180414E+00  -3.143481288381726E+00   5.348322954269435E-12
  6.040000000000000E+00   1.921551675745650E+00  -1.172063197176727E+00   1.162780076156694E+00  -2.994920152413227E+00   5.356760649256587E-12
  6.050000000000000E+00   1.932508951784859E+00  -1.201304211495916E+00   1.030888962593494E+00  -2.854529140884223E+00   5.358092916886137E-12
  6.060000000000000E+00   1.942211358637747E+00  -1.229176688751804E+00   9.115771235351173E-01  -2.721018197708702E+00   5.360757452145237E-12
  6.070000000000000E+00   1.950778196585643E+00  -1.255743940163935E+00   8.035824002878237E-01  -2.593322527165661E+00   5.366530611873288E-12
  6.080000000000000E+00   1.958317153033773E+00  -1.281059549226383E+00   7.058366786800192E-01  -2.470554512588097E+00   5.350987489528536E-12
  6.090000000000000E+00   1.964926031721028E+00  -1.305168955666619E+00   6.174254895336395E-01  -2.351967854748239E+00   5.308799014592780E-12
  6.100000000000000E+00   1.970694127892432E+00  -1.328110726815765E+00   5.375570918780835E-01  -2.236930440103774E+00   5.298584962766228E-12
  6.110000000000000E+00   1.975703330684926E+00  -1.349917591005746E+00   4.655384795265038E-01  -2.124903548694991E+00   5.331891653504983E-12
  6.120000000000000E+00   1.980029012495450E+00  -1.370617287562365E+00   4.007565220435533E-01  -2.015425733412826E+00   5.335444367183784E-12
  6.130000000000000E+00   1.983740749967426E+00  -1.390233273855436E+00   3.426629691745809E-01  -1.908100185911019E+00   5.359869273725537E-12
  6.140000000000000E+00   1.986902910405219E+00  -1.408785319771404E+00   2.907624025791882E-01  -1.802584734266592E+00   5.330559385875433E-12
  6.150000000000000E+00   1.989575129572770E+00  -1.426290012636914E+00   2.446024657354681E-01  -1.698583846242380E+00   5.321899646283357E-12
  6.160000000000000E+00   1.991812701063108E+00  -1.442761190211548E+00   2.037658774829078E-01  -1.595842173108051E+00   5.336998679418259E-12
  6.170000000000000E+00   1.993666893140034E+00  -1.458210315324790E+00   1.678638597515287E-01  -1.494139284077147E+00   5.347212731244810E-12
  6.180000000000000E+00   1.995185205735678E+00  -1.472646802671379E+00   1.365307007026584E-01  -1.393285324788490E+00   5.334445166461621E-12
  6.190000000000000E+00   1.996411577849004E+00  -1.486078305935032E+00   1.094192409117931E-01  -1.293117394456571E+00   5.331558586597596E-12
  6.200000000000000E+00   1.997386553723937E+00  -1.498510971595185E+00   8.619711925784480E-02  -1.193496481840281E+00   5.336443567905946E-12
  6.210000000000000E+00   1.998147414743616E+00  -1.509949664352567E+00   6.654365160593019E-02  -1.094304834510454E+00   5.341550593819222E-12
  6.220000000000000E+00   1.998728282850407E+00  -1.520398167991110E+00   5.014724251961902E-02  -9.954436621603990E-01   5.337276235174415E-12
  6.230000000000000E+00   1.999160200409900E+00  -1.529859364607319E+00   3.670325047952795E-02  -8.968310950981199E-01   5.335055789125165E-12
  6.240000000000000E+00   1.999471190720780E+00  -1.538335394433127E+00   2.591224212672330E-02  -7.984003351459095E-01   5.336887657115796E-12
  6.250000000000000E+00   1.999686302786053E+00  -1.545827797917243E+00   1.747858214142933E-02  -7.000979490618150E-01   5.337470524203725E-12
  6.260000000000000E+00   1.999827643469717E+00  -1.552337641285294E+00   1.110931344351299E-02  -6.018822650793165E-01   5.337192968447568E-12
  6.270000000000000E+00   1.999914399740365E+00  -1.557865626449555E+00   6.513288169927579E-03  -5.037218417940847E-01   5.337581546506187E-12
  6.280000000000000E+00   1.999962853329107E+00  -1.562412185868302E+00   3.400513896068010E-03  -4.055939858014628E-01   5.336721123662103E-12
  6.290000000000000E+00   1.999986389788232E+00  -1.565977562749692E+00   1.481682257074412E-03  -3.074833004717353E-01   5.338337885941713E-12
  6.300000000000000E+00   1.999995503617864E+00  -1.568561876844580E+00   4.678488394384196E-04  -2.093802532194711E-01   5.336721123662103E-12
  6.310000000000000E+00   1.999997800822144E+00  -1.570165175967291E+00   7.023423330381455E-05  -1.112797526911460E-01   5.338036044056893E-12
  6.320000000000000E+00   1.999997999958431E+00  -1.570787473314464E+00   1.166865638717336E-07  -1.317973052746246E-02   5.337017951111875E-12
  6.330000000000000E+00   1.999997932448920E+00  -1.570428770611457E+00  -3.121294014248923E-05   8.492027520930553E-02   5.337789713323304E-12
  6.340000000000000E+00   1.999996542631598E+00  -1.569089067095636E+00  -3.124631211441812E-04   1.830205362009086E-01   5.338240741427058E-12
  6.350000000000000E+00   1.999989887735654E+00  -1.566768354338280E+00  -1.132349693851342E-03   2.811225500123646E-01   5.337741141065977E-12
  6.360000000000000E+00   1.999971137674624E+00  -1.563466596904247E+00  -2.779629143081979E-03   3.792304564820334E-01   5.337442768628109E-12
  6.370000000000000E+00   1.999930574258804E+00  -1.559183698843017E+00  -5.543186333946953E-03   4.773524553085953E-01   5.337970124564806E-12
  6.380000000000000E+00   1.999855589136219E+00  -1.553919455988732E+00  -9.712205956737129E-03   5.755022272245797E-01   5.338858302984506E-12
  6.390000000000000E+00   1.999730679477932E+00  -1.547673494012483E+00  -1.557645715088489E-02   6.737003633682703E-01   5.339080347589431E-12
  6.400000000000000E+00   1.999537440126834E+00  -1.540445192109581E+00  -2.342672123169573E-02   7.719758104814171E-01   5.339774236979822E-12
  6.410000000000000E+00   1.999254550625839E+00  -1.532233592109775E+00  -3.355539331746269E-02   8.703673433981212E-01   5.339330147769972E-12
  6.420000000000000E+00   1.998857755226551E+00  -1.523037292660898E+00  -4.625729015727839E-02   9.689250810087561E-01   5.339163614316278E-12
  6.430000000000000E+00   1.998319833645386E+00  -1.512854327946996E+00  -6.183069885589455E-02   1.067712067579128E+00   5.339441170072434E-12
  6.440000000000000E+00   1.997610559970214E+00  -1.501682030150040E+00  -8.057870480970417E-02   1.166805948137933E+00   5.335888456393634E-12
  6.450000000000000E+00   1.996696646712785E+00  -1.489516874537428E+00  -1.028108424159504E-01   1.266300774853791E+00   5.333556988041921E-12
  6.460000000000000E+00   1.995541670531642E+00  -1.476354305640192E+00  -1.288451195111873E-01   1.366308991261222E+00   5.336110500998559E-12
  6.470000000000000E+00   1.994105975592331E+00  -1.462188542459528E+00  -1.590104766956340E-01   1.466963653370105E+00   5.343215928356160E-12
  6.480000000000000E+00   1.992346549854252E+00  -1.447012359976023E+00  -1.936497565728326E-01   1.568420961827103E+00   5.334334144159158E-12
  6.490000000000000E+00   1.990216868734362E+00  -1.430816843402642E+00  -2.331232766321857E-01   1.670863198402820E+00   5.322565780098132E-12
  6.500000000000000E+00   1.987666699541257E+00  -1.413591110572438E+00  -2.778131245938968E-01   1.774502184579769E+00   5.336110500998559E-12
  6.510000000000000E+00   1.984641858724995E+00  -1.395321996521968E+00  -3.281283286859868E-01   1.879583411917239E+00   5.367418790292988E-12
  6.520000000000000E+00   1.981083912248302E+00  -1.375993692633867E+00  -3.845111005701626E-01   1.986391036012165E+00   5.303691988679504E-12
  6.530000000000000E+00   1.976929807117469E+00  -1.355587330515760E+00  -4.474444097971919E-01   2.095253982320492E+00   5.311463549851880E-12
  6.540000000000000E+00   1.972111419127111E+00  -1.334080497946546E+00  -5.174612319927765E-01   2.206553488727673E+00   5.333223921134533E-12
  6.550000000000000E+00   1.966554997909568E+00  -1.311446670474105E+00  -5.951559275711469E-01   2.320732515163581E+00   5.388735072365791E-12
  6.560000000000000E+00   1.960180485058411E+00  -1.287654537251658E+00  -6.811983672083601E-01   2.438307597540568E+00   5.323898047727682E-12
  6.570000000000000E+00   1.952900673875827E+00  -1.262667192949427E+00  -7.763516450214880E-01   2.559883931173103E+00   5.229307046029619E-12
  6.580000000000000E+00   1.944620169373904E+00  -1.236441158325383E+00  -8.814945417912439E-01   2.686174767309760E+00   5.301693587235179E-12
  6.590000000000000E+00   1.935234093350068E+00  -1.208925179165045E+00  -9.976503676918609E-01   2.818026641972298E+00   5.346102508220185E-12
  6.600000000000000E+00   1.924626459836538E+00  -1.180058735090864E+00  -1.126024505161419E+00   2.956452603303747E+00   5.340329348492134E-12
  6.610000000000000E+00   1.912668118167321E+00  -1.149770163525477E+00  -1.268054015503673E+00   3.102676583646413E+00   5.353652024787636E-12
  6.620000000000000E+00   1.899214119822332E+00  -1.117974265611277E+00  -1.425474281212458E+00   3.258193579394251E+00   5.359869273725537E-12
  6.630000000000000E+00   1.884100303773572E+00  -1.084569203178777E+00  -1.600410197114593E+00   3.424852706440753E+00   5.352763846367936E-12
  6.640000000000000E+00   1.867138801009112E+00  -1.049432407225171E+00  -1.795503548147279E+00   3.604974115657027E+00   5.364310165824038E-12
  6.650000000000000E+00   1.848112011057524E+00  -1.012415078552053E+00  -2.014095113946859E+00   3.801517328572030E+00   5.207990763956816E-12
  6.660000000000000E+00   1.826764363769073E+00  -9.733346338707112E-01  -2.260491997694181E+00   4.018329981882278E+00   5.289703178569227E-12
  6.670000000000000E+00   1.802790777750105E+00  -9.319640679524801E-01  -2.540372229696102E+00   4.260526635591591E+00   5.396284588933242E-12
  6.680000000000000E+00   1.775820025118948E+00  -8.880165316314796E-01  -2.861419376605431E+00   4.535086431179037E+00   5.302137676445029E-12
  6.690000000000000E+00   1.745389927705817E+00  -8.411221930695341E-01  -3.234360941296957E+00   4.851836604222144E+00   5.330559385875433E-12
  6.700000000000000E+00   1.710908822445800E+00  -7.907920544576388E-01  -3.674756625366054E+00   5.225155648896457E+00   5.438028974659148E-12
  6.710000000000000E+00   1.671592576693181E+00  -7.363584118328914E-01  -4.206278769838653E+00   5.677114779978578E+00   5.364310165824038E-12
  6.720000000000000E+00   1.626354793229486E+00  -6.768703518941965E-01  -4.867233011625251E+00   6.243756326131201E+00   5.414048157327245E-12
  6.730000000000000E+00   1.573598530217170E+00  -6.108941311349581E-01  -5.724967195822615E+00   6.989042861656402E+00   5.562373953417166E-12
  6.740000000000000E+00   1.510772325554753E+00  -5.360846577026472E-01  -6.912762823357274E+00   8.040767892379124E+00   4.659984679001838E-12
  6.750000000000000E+00   1.433244494265031E+00  -4.480911536100234E-01  -8.747826540443551E+00   9.706058716017099E+00   5.647639081708378E-12
  6.760000000000000E+00   1.330466339437179E+00  -3.367990411283015E-01  -1.228995313199411E+01   1.302155116330022E+01   5.745338707875391E-12
  6.770000000000000E+00   1.158619221040632E+00  -1.592931848387347E-01  -2.739564518481552E+01   2.774695892263208E+01   4.736368023096049E-12
  6.780000000000000E+00   7.516171287775190E-01   2.510096749695925E-01  -1.700136995518526E+01   1.755141078078830E+01   6.274693046016666E-12
  6.790000000000000E+00   6.213933595914667E-01   3.882897336348249E-01  -1.041755171036855E+01   1.125544040703679E+01   6.324431037519873E-12
  6.800000000000000E+00   5.314450255832220E-01   4.876537746056792E-01  -7.849642159528234E+00   8.885377367469312E+00   6.301338398607670E-12
  6.810000000000000E+00   4.609784660984808E-01   5.692744588104821E-01  -6.352388080892197E+00   7.541793499786688E+00   6.292456614410669E-12
  6.820000000000000E+00   4.028513777474590E-01   6.399411280633146E-01  -5.328861289351747E+00   6.643387658515681E+00   6.268475797078765E-12
  6.830000000000000E+00   3.535427831656198E-01   7.029312542320048E-01  -4.566188015102624E+00   5.984912981907277E+00   6.033996694277932E-12
  6.840000000000000E+00   3.109889744957119E-01   7.601231652741829E-01  -3.966488731579342E+00   5.472902907337201E+00   6.232948660290760E-12
  6.850000000000000E+00   2.738463688264904E-01   8.127104423112602E-01  -3.477447816517687E+00   5.057869931108171E+00   6.245383158166562E-12
  6.860000000000000E+00   2.411754436712761E-01   8.615060632661342E-01  -3.068136340493361E+00   4.710826378995314E+00   6.228507768192260E-12
  6.870000000000000E+00   2.122841127430875E-01   9.070920707830690E-01  -2.718890568855896E+00   4.413508576470322E+00   6.235613195549861E-12
  6.880000000000000E+00   1.866418687901709E-01   9.499010522310091E-01  -2.416501277289856E+00   4.153755595901426E+00   6.188539739305754E-12
  6.890000000000000E+00   1.638290585422424E-01   9.902639526611543E-01  -2.151702967975557E+00   3.923110425583948E+00   6.211632378217957E-12
  6.900000000000000E+00   1.435051251960079E-01   1.028439810792466E+00  -1.917765352104772E+00   3.715481632547161E+00   6.198309701922455E-12
  6.910000000000000E+00   1.253877844707010E-01   1.064635132612562E+00  -1.709656380887739E+00   3.526352536950177E+00   6.215185091896758E-12
  6.920000000000000E+00   1.092388443153725E-01   1.099017004130896E+00  -1.523520937685651E+00   3.352291474712411E+00   6.173440706170852E-12
  6.930000000000000E+00   9.485424079788281E-02   1.131722254192440E+00  -1.356343135948832E+00   3.190636444140609E+00   6.185875204046654E-12
  6.940000000000000E+00   8.205684910758719E-02   1.162864033386959E+00  -1.205720143658277E+00   3.039285230828942E+00   6.217849627155858E-12
  6.950000000000000E+00   7.069117894386934E-02   1.192536649848742E+00  -1.069706294132854E+00   2.896551729684898E+00   6.219181894785408E-12
  6.960000000000000E+00   6.061938441329624E-02   1.220819197635659E+00  -9.467029206594931E-01   2.761065152417939E+00   6.216073270316458E-12
  6.970000000000000E+00   5.171821279767685E-02   1.247778329329430E+00  -8.353787693673912E-01   2.631697796924394E+00   6.217405537946008E-12
  6.980000000000000E+00   4.387663804745044E-02   1.273470409783332E+00  -7.346113646433249E-01   2.507512306334274E+00   6.220514162414958E-12
  6.990000000000000E+00   3.699400304810615E-02   1.297943214357960E+00  -6.434430446300039E-01   2.387722515527693E+00   6.227175500562709E-12
  7.000000000000000E+00   3.097854631656339E-02   1.321237286567486E+00  -5.610474686955651E-01   2.271663952556536E+00   6.223622786883909E-12
  7.010000000000000E+00   2.574622361758428E-02   1.343387037467580E+00  -4.867037321582656E-01   2.158771317967304E+00   6.201862415601256E-12
  7.020000000000000E+00   2.121975897365171E-02   1.364421646724174E+00  -4.197760964774092E-01   2.048561083964779E+00   6.186319293256504E-12
  7.030000000000000E+00   1.732787635170636E-02   1.384365809627829E+00  -3.596979266193179E-01   1.940617900664995E+00   6.198087657317530E-12
  7.040000000000000E+00   1.400467528191226E-02   1.403240363157366E+00  -3.059588247592880E-01   1.834583866649060E+00   6.205859218489906E-12
  7.050000000000000E+00   1.118912231293410E-02   1.421062816122095E+00  -2.580942248734783E-01   1.730149976352354E+00   6.206303307699756E-12
  7.060000000000000E+00   8.824636538311047E-03   1.437847802483966E+00  -2.156769065697895E-01   1.627049235821561E+00   6.216517359526308E-12
  7.070000000000000E+00   6.858752115507800E-03   1.453607472548361E+00  -1.783100247931763E-01   1.525051065711375E+00   6.195423122058430E-12
  7.080000000000000E+00   5.242844206726911E-03   1.468351833384657E+00  -1.456213519455936E-01   1.423956702247505E+00   6.201418326391406E-12
  7.090000000000000E+00   3.931907421836996E-03   1.482089047297771E+00  -1.172585019132530E-01   1.323595374034940E+00   6.204415928557894E-12
  7.100000000000000E+00   2.884377866347039E-03   1.494825695211673E+00  -9.288495923703025E-02   1.223821082341318E+00   6.213519757359820E-12
  7.110000000000000E+00   2.061991456129200E-03   1.506567010297551E+00  -7.217677652226030E-02   1.124509849845839E+00   6.199308902644618E-12
  7.120000000000000E+00   1.429672373757215E-03   1.517317085977825E+00  -5.481983287166904E-02   1.025557331298583E+00   6.203638772440656E-12
  7.130000000000000E+00   9.554464975435750E-04   1.527079061486146E+00  -4.050756826619323E-02   9.268767015286623E-01   6.206358818850988E-12
  7.140000000000000E+00   6.103753984601906E-04   1.535855287407630E+00  -2.893912529455950E-02   8.283967535048067E-01   6.208357220295313E-12
  7.150000000000000E+00   3.685071222498237E-04   1.543647473021931E+00  -1.981784181779745E-02   7.300601529192765E-01   6.202750594020956E-12
  7.160000000000000E+00   2.068404911303484E-04   1.550456816794101E+00  -1.285004706624136E-02   6.318218069133557E-01   6.204055106074890E-12
  7.170000000000000E+00   1.053001007405089E-04   1.556284120981565E+00  -7.744120074272474E-03   5.336473137108579E-01   6.205442884855672E-12
  7.180000000000000E+00   4.671957498592293E-05   1.561129891032299E+00  -4.209773854799932E-03   4.355114675123474E-01   6.204374295194470E-12
  7.190000000000000E+00   1.683099118730469E-05   1.564994420225396E+00  -1.957531767480738E-03   3.373967993267111E-01   6.203479177880866E-12
  7.200000000000000E+00   4.258712706382528E-06   1.567877859839109E+00  -6.983645136609653E-04   2.392921396811074E-01   6.205373495916633E-12
  7.210000000000000E+00   5.161753430175944E-07   1.569780275013300E+00  -1.434573965133070E-04   1.411911934837761E-01   6.205003999816250E-12
  7.220000000000000E+00   4.473680214104460E-09   1.570701686394018E+00  -4.078157831200987E-06   4.309112079669436E-02   6.204614445975676E-12
  7.230000000000000E+00   1.188858446327139E-08   1.570642097599585E+00   8.483965818622225E-06  -5.500888005052849E-02   6.204775666838724E-12
  7.240000000000000E+00   7.137898169702238E-07   1.569601508521948E+00   1.829371900001758E-04  -1.531089886846297E-01   6.204341335448427E-12
  7.250000000000000E+00   5.172639754282692E-06   1.567579914466483E+00   8.079933140476459E-04  -2.512101788169770E-01   6.203860817045581E-12
  7.260000000000000E+00   1.933811587825409E-05   1.564577291130110E+00   2.172390212430392E-03  -3.493156345028133E-01   6.203708161379695E-12
  7.270000000000000E+00   5.204766158581802E-05   1.560593565413793E+00   4.564959869849147E-03  -4.474321671917781E-01   6.206011874155792E-12
  7.280000000000000E+00   1.150280668283954E-04   1.555628572053512E+00   8.274771192197689E-03  -5.455716354368818E-01   6.206775152485222E-12
  7.290000000000000E+00   2.228989730603623E-04   1.549681996025837E+00   1.359137697795814E-02  -6.437523711130827E-01   6.205970240792369E-12
  7.300000000000000E+00   3.931794924243571E-04   1.542753300632536E+00   2.080519479873041E-02  -7.420006187681123E-01   6.203694283591887E-12
  7.310000000000000E+00   6.462994318366640E-04   1.534841641085211E+00   3.020805226413643E-02  -8.403519983106003E-01   6.205526151582519E-12
  7.320000000000000E+00   1.005616923253127E-03   1.525945763287426E+00   4.209392843187718E-02  -9.388530056825453E-01   6.206525352304681E-12
  7.330000000000000E+00   1.497444588675369E-03   1.516063887339243E+00   5.675992521579250E-02  -1.037562571547746E+00   6.202972638625881E-12
  7.340000000000000E+00   2.151086721935849E-03   1.505193575057400E+00   7.450750585079202E-02  -1.136553704493090E+00   6.203416727835731E-12
  7.350000000000000E+00   2.998890361993088E-03   1.493331580501812E+00   9.564404217543601E-02  -1.235915252996739E+00   6.206858419212069E-12
  7.360000000000000E+00   4.076313581545653E-03   1.480473682111218E+00   1.204847191700711E-01  -1.335753829782313E+00   6.210966244403182E-12
  7.370000000000000E+00   5.422014843059370E-03   1.466614494559412E+00   1.493548544524897E-01  -1.436195953605911E+00   6.191426319169779E-12
  7.380000000000000E+00   7.077967911277336E-03   1.451747257824925E+00   1.825927030790963E-01  -1.537390477662683E+00   6.206081263094831E-12
  7.390000000000000E+00   9.089607596084452E-03   1.435863600189814E+00   2.205528350826008E-01  -1.639511391564654E+00   6.230062080426735E-12
  7.400000000000000E+00   1.150601258286568E-02   1.418953270905095E+00   2.636101961218975E-01  -1.742761106516204E+00   6.178325687479202E-12
  7.410000000000000E+00   1.438013285757615E-02   1.401003837023705E+00   3.121649923852353E-01  -1.847374362701697E+00   6.203638772440656E-12
  7.420000000000000E+00   1.776907084188727E-02   1.382000337327308E+00   3.666485822109157E-01  -1.953622936555445E+00   6.211854422822882E-12
  7.430000000000000E+00   2.173442744253317E-02   1.361924884251752E+00   4.275306126419969E-01  -2.061821377143667E+00   6.243606801327162E-12
  7.440000000000000E+00   2.634272696102902E-02   1.340756202092605E+00   4.953277148870409E-01  -2.172334070596408E+00   6.163226654344300E-12
  7.450000000000000E+00   3.166593844058289E-02   1.318469086331257E+00   5.706141765237575E-01  -2.285584027030857E+00   6.179213865898903E-12
  7.460000000000000E+00   3.778211588633890E-02   1.295033764350971E+00   6.540351522593200E-01  -2.402063917026433E+00   6.207635575329307E-12
  7.470000000000000E+00   4.477618636456485E-02   1.270415131662841E+00   7.463231771486566E-01  -2.522350071451337E+00   6.221846430044509E-12
  7.480000000000000E+00   5.274092397850105E-02   1.244571829369640E+00   8.483190338728898E-01  -2.647120425300670E+00   6.250712228684763E-12
  7.490000000000000E+00   6.177816018415205E-02   1.217455116974582E+00   9.609984417168058E-01  -2.777177773658021E+00   6.253820853153713E-12
  7.500000000000000E+00   7.200029844505447E-02   1.189007478289110E+00   1.085506647006317E+00  -2.913480280225211E+00   6.214741002686908E-12
  7.510000000000000E+00   8.353222629659714E-02   1.159160874780850E+00   1.223203912738810E+00  -3.057182040460349E+00   6.182322490367853E-12
  7.520000000000000E+00   9.651375438668255E-02   1.127834526545146E+00   1.375726311094442E+00  -3.209687825828215E+00   6.183210668787553E-12
  7.530000000000000E+00   1.111027662731811E-01   1.094932050203822E+00   1.545068426845824E+00  -3.372728219550645E+00   6.213408735057357E-12
  7.540000000000000E+00   1.274793451360955E-01   1.060337705480984E+00   1.733698127184073E+00  -3.548464719332956E+00   6.175217063010252E-12
  7.550000000000000E+00   1.458512719763233E-01   1.023911380903619E+00   1.944719432657035E+00  -3.739639977927963E+00   6.250712228684763E-12
  7.560000000000000E+00   1.664614959454647E-01   9.854817537313044E-01   2.182109596817587E+00  -3.949797970345407E+00   6.192092452984554E-12
  7.570000000000000E+00   1.895985193127274E-01   9.448367339907083E-01   2.451074429287145E+00  -4.183616049153779E+00   6.161006208295050E-12
  7.580000000000000E+00   2.156112288747308E-01   9.017097398173712E-01   2.758599236217070E+00  -4.447422888003188E+00   6.273804867596966E-12
  7.590000000000000E+00   2.449307680482706E-01   8.557593331483063E-01   3.114338027385195E+00  -4.750039243311122E+00   5.920309856556316E-12
  7.600000000000000E+00   2.781040639518797E-01   8.065378017675188E-01   3.532119500410233E+00  -5.104209864071956E+00   6.144130818320748E-12
  7.610000000000000E+00   3.158477193898793E-01   7.534403196117149E-01   4.032652816867794E+00  -5.529190335224378E+00   5.898105396063813E-12
  7.620000000000000E+00   3.591399687060081E-01   6.956176062693612E-01   4.648764269922182E+00  -6.055780855931515E+00   6.362622709566978E-12
  7.630000000000000E+00   4.093902199220674E-01   6.318137781327432E-01   5.436562740894804E+00  -6.737117494980587E+00   6.384827170059482E-12
  7.640000000000000E+00   4.687862680815208E-01   5.600319448969802E-01   6.502612187773514E+00  -7.675077842765295E+00   6.335089178556275E-12
  7.650000000000000E+00   5.411221848723021E-01   4.767311655199353E-01   8.084210308080028E+00  -9.098729856769117E+00   6.439894232080889E-12
  7.660000000000000E+00   6.343231806649301E-01   3.743592003913749E-01   1.087664734957382E+01  -1.168600601655200E+01   6.530488430890302E-12
  7.670000000000000E+00   7.733028871211391E-01   2.286843676246095E-01   1.878087848686500E+01  -1.928291866684963E+01   6.839574520945946E-12
  7.680000000000000E+00   1.188879764318420E+00  -1.900224625044453E-01   2.282034778440420E+01  -2.323866677812671E+01   7.129120685768187E-12
  7.690000000000000E+00   1.345014744432831E+00  -3.522559270717245E-01   1.167418833370959E+01  -1.243792901488388E+01   7.116686187892385E-12
  7.700000000000000E+00   1.443700594728787E+00  -4.597254047086404E-01   8.469261375680494E+00  -9.450470946652150E+00   7.097146262658982E-12
  7.710000000000000E+00   1.519066526150127E+00  -5.457602430677672E-01   6.743258854374445E+00  -7.889324770719855E+00   7.079382694264980E-12
  7.720000000000000E+00   1.580481306944084E+00  -6.193215947190172E-01   5.606784030924753E+00  -6.885643325723552E+00   7.051849163254276E-12
  7.730000000000000E+00   1.632213417961851E+00  -6.844087815991931E-01   4.778178936689769E+00  -6.167045860896639E+00   6.824475487811044E-12
  7.740000000000000E+00   1.676659584839422E+00  -7.432186158605785E-01   4.135754952214422E+00  -5.616990609372182E+00   6.895529761387054E-12
  7.750000000000000E+00   1.715337895156636E+00  -7.971099927019243E-01   3.616966221038204E+00  -5.176143516885195E+00   7.039414665378474E-12
  7.760000000000000E+00   1.749289636377015E+00  -8.469914045283420E-01   3.185823550837780E+00  -4.810679739976249E+00   6.988788495455567E-12
  7.770000000000000E+00   1.779270946514317E+00  -8.935044683061228E-01   2.819897624658662E+00  -4.499709897714469E+00   6.994117565973767E-12
  7.780000000000000E+00   1.805855028797070E+00  -9.371211324210731E-01   2.504350573743670E+00  -4.229537175217893E+00   7.015433848046571E-12
  7.790000000000000E+00   1.829491302139785E+00  -9.781995462848750E-01   2.228900442524521E+00  -3.990752313410164E+00   6.987012138616166E-12
  7.800000000000000E+00   1.850541836813947E+00  -1.017018245240012E+00   1.986152369382050E+00  -3.776645266502749E+00   7.013657491207170E-12
  7.810000000000000E+00   1.869304935338101E+00  -1.053798131415606E+00   1.770622954906973E+00  -3.582281769908213E+00   6.953261358667562E-12
  7.820000000000000E+00   1.886031018283442E+00  -1.088717190168702E+00   1.578140687790607E+00  -3.403939073978026E+00   6.987012138616166E-12
  7.830000000000000E+00   1.900933686917273E+00  -1.121920679708151E+00   1.405461895233936E+00  -3.238746642882663E+00   7.004775707010169E-12
  7.840000000000000E+00   1.914197644366429E+00  -1.153528390088310E+00   1.250015988044684E+00  -3.084449293477786E+00   6.996782101232868E-12
  7.850000000000000E+00   1.925984502746786E+00  -1.183639942665459E+00   1.109731327887524E+00  -2.939246362331181E+00   6.995893922813168E-12
  7.860000000000000E+00   1.936437127085964E+00  -1.212338742576121E+00   9.829130619629266E-01  -2.801679675735602E+00   6.995005744393468E-12
  7.870000000000000E+00   1.945682941336193E+00  -1.239694982868894E+00   8.681554331122837E-01  -2.670553762394478E+00   6.995893922813168E-12
  7.880000000000000E+00   1.953836482042856E+00  -1.265767966844847E+00   7.642775458158794E-01  -2.544877912208980E+00   6.995005744393468E-12
  7.890000000000000E+00   1.961001396047344E+00  -1.290607931146354E+00   6.702754515169691E-01  -2.423823370160153E+00   6.996782101232868E-12
  7.900000000000000E+00   1.967272020169127E+00  -1.314257497263713E+00   5.852858171516375E-01  -2.306691224998842E+00   7.007884331479119E-12
  7.910000000000000E+00   1.972734641629765E+00  -1.336752842440189E+00   5.085579648237554E-01  -2.192887989120116E+00   7.022983364614022E-12
  7.920000000000000E+00   1.977468511160895E+00  -1.358124655900653E+00   4.394320615654492E-01  -2.081906796777506E+00   6.970580837851714E-12
  7.930000000000000E+00   1.981546662037600E+00  -1.378398928886580E+00   3.773218965006123E-01  -1.973312763813200E+00   6.973467417715740E-12
  7.940000000000000E+00   1.985036575022262E+00  -1.397597614622753E+00   3.217011287032426E-01  -1.866731467717144E+00   6.994339610578693E-12
  7.950000000000000E+00   1.988000719667609E+00  -1.415739185443523E+00   2.720921965024319E-01  -1.761839792226973E+00   7.001445037936294E-12
  7.960000000000000E+00   1.990496995473981E+00  -1.432839107802440E+00   2.280572943659520E-01  -1.658358579832828E+00   7.001889127146144E-12
  7.970000000000000E+00   1.992579091265326E+00  -1.448910251067666E+00   1.891909765555329E-01  -1.556046676610869E+00   6.981461023493041E-12
  7.980000000000000E+00   1.994296777320789E+00  -1.463963242383799E+00   1.551140569290973E-01  -1.454696055137938E+00   6.995449833603318E-12
  7.990000000000000E+00   1.995696141914329E+00  -1.478006777126114E+00   1.254685544749090E-01  -1.354127775018474E+00   7.001111971028906E-12
  8.000000000000000E+00   1.996819781720437E+00  -1.491047892354337E+00   9.991349310604349E-02  -1.254188594992538E+00   6.998003346559956E-12
  8.010000000000000E+00   1.997706953858125E+00  -1.503092209025738E+00   7.812140788174565E-02  -1.154748091304572E+00   6.991453030714667E-12
  8.020000000000000E+00   1.998393696037400E+00  -1.514144147435539E+00   5.977544229119802E-02  -1.055696167882727E+00   6.997226190442718E-12
  8.029999999999999E+00   1.998912920245766E+00  -1.524207119331844E+00   4.456694544875288E-02  -9.569408676308272E-01   6.996671078930405E-12
  8.039999999999999E+00   1.999294484595420E+00  -1.533283699341838E+00   3.219349608782797E-02  -8.584064126916069E-01   6.998502946921037E-12
  8.050000000000001E+00   1.999565247290886E+00  -1.541375777700914E+00   2.235729361241291E-02  -7.600314162667303E-01   6.997614768501337E-12
  8.060000000000000E+00   1.999749106131127E+00  -1.548484695763688E+00   1.476386628340210E-02  -6.617672204493440E-01   6.996143722993708E-12
  8.070000000000000E+00   1.999867026498395E+00  -1.554611365370506E+00   9.121053718236436E-03  -5.635763242286944E-01   6.997392723896412E-12
  8.080000000000000E+00   1.999937060384524E+00  -1.559756372825978E+00   5.138225907275482E-03  -4.654308738520104E-01   6.996671078930405E-12
  8.090000000000000E+00   1.999974358645746E+00  -1.563920068002400E+00   2.525704399582569E-03  -3.673111944118791E-01   6.997975590984340E-12
  8.100000000000000E+00   1.999991178345871E+00  -1.567102638898280E+00   9.943535822314012E-04  -2.692043470984745E-01   6.998669480374731E-12
  8.109999999999999E+00   1.999996886734553E+00  -1.569304171850387E+00   2.553113905504205E-04  -1.711027011629331E-01   6.998379781554243E-12
  8.119999999999999E+00   1.999997963105216E+00  -1.570524697507575E+00   1.982959965262981E-05  -7.300251337401027E-02   6.998497309069740E-12
  8.130000000000001E+00   1.999997999481065E+00  -1.570764222617719E+00  -8.057343927996995E-07   2.509748933208828E-02   7.000192079695661E-12
  8.140000000000001E+00   1.999997700784359E+00  -1.570022747647378E+00  -9.530293342604412E-05   1.231975261813274E-01   7.000215986353564E-12
  8.150000000000000E+00   1.999994884851953E+00  -1.568300270239482E+00  -5.523716446409623E-04   2.212981786948016E-01   6.998187227248409E-12
  8.160000000000000E+00   1.999984482368363E+00  -1.565596774509595E+00  -1.660737251942095E-03   3.194018068730961E-01   6.998162941119745E-12
  8.170000000000000E+00   1.999958536495830E+00  -1.561912206178508E+00  -3.709191930219947E-03   4.175139658784666E-01   6.999210714099235E-12
  8.180000000000000E+00   1.999906201688937E+00  -1.557246433530223E+00  -6.986711552775333E-03   5.156448246318055E-01   7.000196037033590E-12
  8.190000000000000E+00   1.999813740888805E+00  -1.551599194162152E+00  -1.178266777333035E-02   6.138105894879318E-01   7.000778904121518E-12
  8.199999999999999E+00   1.999664519997412E+00  -1.544970027450703E+00  -1.838716488970828E-02   7.120349386822020E-01   7.000223792609206E-12
  8.210000000000001E+00   1.999438998233892E+00  -1.537358192582558E+00  -2.709153169366100E-02   8.103504765730449E-01   6.998169880013649E-12
  8.220000000000001E+00   1.999114712667615E+00  -1.528762571891528E+00  -3.818899960264820E-02   9.088002208777302E-01   6.998780502677193E-12
  8.230000000000000E+00   1.998666254901585E+00  -1.519181559084267E+00  -5.197560018598428E-02   1.007439141184569E+00   7.000445837214131E-12
  8.240000000000000E+00   1.998065237535350E+00  -1.508612931725697E+00  -6.875131802739480E-02   1.106335773141275E+00   6.999668681096893E-12
  8.250000000000000E+00   1.997280247657533E+00  -1.497053707075336E+00  -8.882153906611916E-02   1.205573940055214E+00   7.001334015633831E-12
  8.260000000000000E+00   1.996276784188321E+00  -1.484499980005687E+00  -1.124988405756774E-01   1.305254622474619E+00   7.002000149448606E-12
  8.270000000000000E+00   1.995017175390899E+00  -1.470946741276193E+00  -1.401051773400920E-01   1.405498027060209E+00   6.991786097622055E-12
  8.279999999999999E+00   1.993460472270618E+00  -1.456387673859424E+00  -1.719745301042377E-01   1.506445919286590E+00   6.998558458072268E-12
  8.289999999999999E+00   1.991562312845743E+00  -1.440814924291218E+00  -2.084560979737795E-01   1.608264301056042E+00   7.004109573195394E-12
  8.300000000000001E+00   1.989274751357233E+00  -1.424218845104930E+00  -2.499181374184388E-01   1.711146535321305E+00   6.998780502677193E-12
  8.310000000000000E+00   1.986546045324539E+00  -1.406587703259368E+00  -2.967525786650824E-01   1.815317046924434E+00   6.971913105481264E-12
  8.320000000000000E+00   1.983320391867161E+00  -1.387907348008500E+00  -3.493805880213025E-01   1.921035764361624E+00   6.993451432158992E-12
  8.330000000000000E+00   1.979537602784611E+00  -1.368160829789648E+00  -4.082592955247888E-01   2.028603514339397E+00   7.031865148811023E-12
  8.340000000000000E+00   1.975132705366616E+00  -1.347327959286728E+00  -4.738899762481503E-01   2.138368644482779E+00   6.973689462320665E-12
  8.350000000000000E+00   1.970035452575822E+00  -1.325384792661293E+00  -5.468280678235865E-01   2.250735236194665E+00   6.943935485260710E-12
  8.359999999999999E+00   1.964169721803966E+00  -1.302303024757762E+00  -6.276955369206348E-01   2.366173389478416E+00   6.997226190442718E-12
  8.369999999999999E+00   1.957452775417505E+00  -1.278049266479724E+00  -7.171962893890477E-01   2.485232229514943E+00   7.014989758836720E-12
  8.380000000000001E+00   1.949794348147954E+00  -1.252584174912777E+00  -8.161355766961305E-01   2.608556523734067E+00   7.063395482710377E-12
  8.390000000000001E+00   1.941095515114753E+00  -1.225861394263752E+00  -9.254447224173326E-01   2.736908143325851E+00   6.972357194691114E-12
  8.400000000000000E+00   1.931247278492007E+00  -1.197826250976941E+00  -1.046213035616345E+00   2.871194110306464E+00   6.875101657733951E-12
  8.410000000000000E+00   1.920128788387979E+00  -1.168414125441562E+00  -1.179729587498941E+00   3.012503730207330E+00   6.852897197241448E-12
  8.420000000000000E+00   1.907605081025456E+00  -1.137548392327261E+00  -1.327538759386156E+00   3.162158469452981E+00   6.860890803018749E-12
  8.430000000000000E+00   1.893524169368181E+00  -1.105137776629990E+00  -1.491515386883769E+00   3.321780046667939E+00   6.849344483562647E-12
  8.440000000000000E+00   1.877713249013148E+00  -1.071072904487108E+00  -1.673968384504698E+00   3.493385106243265E+00   6.869772587215750E-12
  8.449999999999999E+00   1.859973670337200E+00  -1.035221722292953E+00  -1.877786758146119E+00   3.679519618373909E+00   6.980794889678266E-12
  8.460000000000001E+00   1.840074150077429E+00  -9.974232892768743E-01  -2.106650428312643E+00   3.883454272621446E+00   6.958590429185762E-12
  8.470000000000001E+00   1.817741403669072E+00  -9.574791713553139E-01  -2.365343259043853E+00   4.109476459978078E+00   7.032309238020873E-12
  8.480000000000000E+00   1.792646882717069E+00  -9.151411901044301E-01  -2.660233141025901E+00   4.363340795201967E+00   6.928392362915958E-12
  8.490000000000000E+00   1.764387418909583E+00  -8.700934353806352E-01  -3.000036843963135E+00   4.652991048511395E+00   7.030532881181473E-12
  8.500000000000000E+00   1.732455925355483E+00  -8.219248645048889E-01  -3.397095226424912E+00   4.989770584644626E+00   7.092705370560481E-12
  8.510000000000000E+00   1.696195029739708E+00  -7.700856511394525E-01  -3.869620388862816E+00   5.390567166436259E+00   7.118462544731785E-12
  8.520000000000000E+00   1.654719507536041E+00  -7.138136653300201E-01  -4.445938857815275E+00   5.881884998366493E+00   7.054513698513376E-12
  8.529999999999999E+00   1.606776935946377E+00  -6.520014855610954E-01  -5.173249254344340E+00   6.508294885374477E+00   7.171753249913793E-12
  8.539999999999999E+00   1.550472364521194E+00  -5.829317949435835E-01  -6.137992383475867E+00   7.352196375721826E+00   7.153989681519790E-12
  8.550000000000001E+00   1.482645880842713E+00  -5.036749471373256E-01  -7.522060398456953E+00   8.588651531634511E+00   6.800494670479140E-12
  8.560000000000000E+00   1.397138334683504E+00  -4.083981550182909E-01  -9.806114245093619E+00   1.068486723238787E+01   6.152124424098049E-12
  8.570000000000000E+00   1.277648187722818E+00  -2.813465068505602E-01  -1.502171136940781E+01   1.563651584701508E+01   7.551893613545446E-12
  8.580000000000000E+00   9.044930668415671E-01   9.565181934497448E-02  -4.605852534621472E+01   4.627007880394023E+01   7.857426989922289E-12
  8.590000000000000E+00   6.930529001544606E-01   3.119828885193808E-01  -1.339839801274849E+01   1.407800158604739E+01   7.964008400286304E-12
  8.600000000000000E+00   5.832148929398282E-01   4.299050825487208E-01  -9.210560999523725E+00   1.013258126140472E+01   7.596302534530452E-12
  8.609999999999999E+00   5.021522979555620E-01   5.211147148786883E-01  -7.185878832867521E+00   8.285688918074925E+00   7.933810334016500E-12
  8.619999999999999E+00   4.370704481528850E-01   5.979255167740019E-01  -5.912392500066702E+00   7.153492269727655E+00   7.916046765622497E-12
  8.630000000000001E+00   3.826980014158428E-01   6.653081805637527E-01  -5.007108905035120E+00   6.364490568728481E+00   7.711765729091469E-12
  8.640000000000001E+00   3.362208987150557E-01   7.258598104077729E-01  -4.316343248597382E+00   5.771066119214058E+00   7.852986097823789E-12
  8.650000000000000E+00   2.959113317544194E-01   7.811385479200420E-01  -3.764543172541517E+00   5.301339828258396E+00   7.863644238860190E-12
  8.660000000000000E+00   2.606091587660824E-01   8.321647535247934E-01  -3.309522899709575E+00   4.915551080517134E+00   7.730417475905171E-12
  8.670000000000000E+00   2.294849785317592E-01   8.796483734181484E-01  -2.925557448917116E+00   4.589675030211064E+00   7.754398293237075E-12
  8.680000000000000E+00   2.019175239104304E-01   9.241057845221335E-01  -2.595907916567684E+00   4.308218429683055E+00   7.835222529429786E-12
  8.690000000000000E+00   1.774242876847684E-01   9.659254565540986E-01  -2.309125065658416E+00   4.060676287730880E+00   7.840551599947987E-12
  8.699999999999999E+00   1.556195281325505E-01   1.005407432194977E+00  -2.057060829422038E+00   3.839636090661787E+00   7.818347139455484E-12
  8.710000000000001E+00   1.361874668898599E-01   1.042788359521748E+00  -1.833725777739659E+00   3.639694549079693E+00   7.847657027305588E-12
  8.720000000000001E+00   1.188644377545698E-01   1.078258059770398E+00  -1.634596875728790E+00   3.456804974654506E+00   7.833446172590386E-12
  8.730000000000000E+00   1.034265726894461E-01   1.111970888773982E+00  -1.456179307497722E+00   3.287866588768725E+00   7.847657027305588E-12
  8.740000000000000E+00   8.968105481547257E-02   1.144053764553190E+00  -1.295718731682935E+00   3.130456471241306E+00   7.856538811502589E-12
  8.750000000000000E+00   7.745974926819198E-02   1.174611986411573E+00  -1.151006299680749E+00   2.982649097568820E+00   7.854762454663189E-12
  8.760000000000000E+00   6.661446649372214E-02   1.203733548022393E+00  -1.020242895416604E+00   2.842891561848391E+00   7.850321562564688E-12
  8.770000000000000E+00   5.701337524835783E-02   1.231492397548184E+00  -9.019423355738191E-01   2.709915282819576E+00   7.844104313626787E-12
  8.779999999999999E+00   4.853824372009415E-02   1.257950945346283E+00  -7.948608826919630E-01   2.582672248013254E+00   7.844548402836637E-12
  8.789999999999999E+00   4.108228916328126E-02   1.283162023655994E+00  -6.979449459407238E-01   2.460288147838003E+00   7.850765651774538E-12
  8.800000000000001E+00   3.454848274084516E-02   1.307170440344360E+00  -6.102916157127540E-01   2.342027375733114E+00   7.853874276243489E-12
  8.810000000000000E+00   2.884820042718640E-02   1.330014227405088E+00  -5.311184240283893E-01   2.227266518030949E+00   7.853874276243489E-12
  8.820000000000000E+00   2.390014086997916E-02   1.351725656819502E+00  -4.597398500378412E-01   2.115474017152809E+00   7.856538811502589E-12
  8.830000000000000E+00   1.962945194507412E-02   1.372332076946800E+00  -3.955488341133563E-01   2.006194388911319E+00   7.869861487798091E-12
  8.840000000000000E+00   1.596702243695982E-02   1.391856608908709E+00  -3.380020652614918E-01   1.899035842402487E+00   7.854762454663189E-12
  8.850000000000000E+00   1.284890580571179E-02   1.410318732614836E+00  -2.866081503591207E-01   1.793660470466370E+00   7.837665020083961E-12
  8.859999999999999E+00   1.021585064780162E-02   1.427734784929856E+00  -2.409180134043056E-01   1.689776400578092E+00   7.848767250330213E-12
  8.869999999999999E+00   8.012918080149123E-03   1.444118387209262E+00  -2.005170425908164E-01   1.587131452493109E+00   7.850765651774538E-12
  8.880000000000001E+00   6.189170457568705E-03   1.459480815483663E+00  -1.650186246588702E-01   1.485507960891148E+00   7.860757658996165E-12
  8.890000000000001E+00   4.697418974843427E-03   1.473831323581089E+00  -1.340587942413635E-01   1.384718502421686E+00   7.847657027305588E-12
  8.900000000000000E+00   3.494020087357828E-03   1.487177427184029E+00  -1.072917906158961E-01   1.284602326194505E+00   7.846657826583425E-12
  8.910000000000000E+00   2.538712509427901E-03   1.499525155040941E+00  -8.438636206983711E-02   1.185022331177407E+00   7.852986097823789E-12
  8.920000000000000E+00   1.794487960909399E-03   1.510879272162079E+00  -6.502269360354601E-02   1.085862467499520E+00   7.860979703601090E-12
  8.930000000000000E+00   1.227489936692363E-03   1.521243478733338E+00  -4.888986017534745E-02   9.870254643467457E-01   7.849433384144988E-12
  8.940000000000000E+00   8.069356480358331E-04   1.530620587612653E+00  -3.568372743038454E-02   8.884308071097495E-01   7.852875075521326E-12
  8.949999999999999E+00   5.050569883988084E-04   1.539012682581928E+00  -2.510523651684411E-02   7.900129022209712E-01   7.852653030916401E-12
  8.960000000000001E+00   2.970569534443144E-04   1.546421258977407E+00  -1.685902039500688E-02   6.917193807737728E-01   7.855067765994961E-12
  8.970000000000001E+00   1.610784295590686E-04   1.552847347885517E+00  -1.065230689890702E-02   5.935095023217918E-01   7.853457942609254E-12
  8.980000000000000E+00   7.818268291219257E-05   1.558291624749030E+00  -6.194069409565905E-03   4.953526287514634E-01   7.854776332450997E-12
  8.990000000000000E+00   3.233525189494459E-05   1.562754502963672E+00  -3.194389882287421E-03   3.972267451853496E-01   7.853624476062948E-12
  9.000000000000000E+00   1.039728441069328E-05   1.566236212845291E+00  -1.364001563847883E-03   2.991170107644078E-01   7.854790210238804E-12
  9.010000000000000E+00   2.120679288792308E-06   1.568736866201337E+00  -4.139803805060066E-04   2.010143270465709E-01   7.852465680780996E-12
  9.020000000000000E+00   1.456959237704505E-07   1.570256506638526E+00  -5.555494967621136E-05   1.029139157532074E-01   7.853944532544266E-12
  9.029999999999999E+00  -6.148484456175850E-12   1.570795145672327E+00  -5.687635876741580E-09   4.813900758374851E-03   7.853025637321766E-12
  9.039999999999999E+00   9.835784658859300E-08   1.570352784665368E+00   4.137627461539845E-05  -9.328610841768584E-02   7.854809292197040E-12
  9.050000000000001E+00   1.742656499299140E-06   1.568929422603033E+00   3.572995669066450E-04  -1.913864327637034E-01   7.854526532270456E-12
  9.060000000000000E+00   9.121874086537096E-06   1.566525049707713E+00   1.236481623813750E-03  -2.894887399229449E-01   7.855206543873039E-12
  9.070000000000000E+00   2.931234727671422E-05   1.563139626890564E+00   2.967685473217381E-03  -3.875974606334170E-01   7.854887354753459E-12
  9.080000000000000E+00   7.227863008137563E-05   1.558773051033580E+00   5.839813464969212E-03  -4.857212065013902E-01   7.854526532270456E-12
  9.090000000000000E+00   1.508757027014975E-04   1.553425106077466E+00   1.014208721389071E-02  -5.838741916570267E-01   7.853846520667873E-12
  9.100000000000000E+00   2.808535336246263E-04   1.547095399854561E+00   1.616434325123789E-02  -6.820776631299499E-01   7.855817166536583E-12
  9.109999999999999E+00   4.808653013839118E-04   1.539783286542893E+00   2.419747436392235E-02  -7.803613478666912E-01   7.856816367258745E-12
  9.119999999999999E+00   7.724808863600196E-04   1.531487774519397E+00   3.453404751937817E-02  -8.787649282224557E-01   7.852819564370095E-12
  9.130000000000001E+00   1.180207559152720E-03   1.522207419248818E+00   4.746913084170011E-02  -9.773395625568337E-01   7.854706943511958E-12
  9.140000000000001E+00   1.731520128277995E-03   1.511940200650429E+00   6.330136459111363E-02  -1.076149473349327E+00   7.859869480576465E-12
  9.150000000000000E+00   2.456903176923017E-03   1.500683384126913E+00   8.233431483836492E-02  -1.175273632190112E+00   7.849655428749913E-12
  9.160000000000000E+00   3.389908430872004E-03   1.488433364105816E+00   1.048781539347156E-01  -1.274807579341111E+00   7.853097120126251E-12
  9.170000000000000E+00   4.567230776713900E-03   1.475185488518121E+00   1.312517194834326E-01  -1.374865425669322E+00   7.858204146039527E-12
  9.180000000000000E+00   6.028807016061555E-03   1.460933862100706E+00   1.617850139951394E-01  -1.475582097150219E+00   7.858537212946914E-12
  9.190000000000000E+00   7.817942131036917E-03   1.445671125733208E+00   1.968222216439096E-01  -1.577115897566990E+00   7.841661822972612E-12
  9.199999999999999E+00   9.981468691522595E-03   1.429388208170021E+00   2.367253377162389E-01  -1.679651484534688E+00   7.854984499268114E-12
  9.210000000000001E+00   1.256994611307644E-02   1.412074045456917E+00   2.818785320721772E-01  -1.783403379022546E+00   7.884738476328068E-12
  9.220000000000001E+00   1.563790785155397E-02   1.393715261964332E+00   3.326934024438242E-01  -1.888620161197392E+00   7.824786432998310E-12
  9.230000000000000E+00   1.924416639921817E-02   1.374295805235430E+00   3.896153198097415E-01  -1.995589548594264E+00   7.843216135207087E-12
  9.240000000000000E+00   2.345218826784122E-02   1.353796524611818E+00   4.531311308626556E-01  -2.104644610526478E+00   7.853874276243489E-12
  9.250000000000000E+00   2.833055419930337E-02   1.332194680687971E+00   5.237785681662649E-01  -2.216171451342781E+00   7.895174572759545E-12
  9.260000000000000E+00   3.395352390812838E-02   1.309463368806533E+00   6.021578364147914E-01  -2.330618803519832E+00   7.853874276243489E-12
  9.270000000000000E+00   4.040173011820519E-02   1.285570834683451E+00   6.889460072876237E-01  -2.448510122885593E+00   7.781931824247779E-12
  9.279999999999999E+00   4.776303407163882E-02   1.260479653320483E+00   7.849150869365348E-01  -2.570458992533540E+00   7.823232120763834E-12
  9.289999999999999E+00   5.613358488436722E-02   1.234145732852036E+00   8.909549517265030E-01  -2.697188950033715E+00   7.860979703601090E-12
  9.300000000000001E+00   6.561913933876924E-02   1.206517091721293E+00   1.008102830504848E+00  -2.829559302740048E+00   7.856982900712439E-12
  9.310000000000000E+00   7.633671882361075E-02   1.177532338809706E+00   1.137581726954380E+00  -2.968599165791847E+00   7.868529220168541E-12
  9.320000000000000E+00   8.841670909301387E-02   1.147118759076878E+00   1.280851256839557E+00  -3.115552973732184E+00   7.876078736735992E-12
  9.330000000000000E+00   1.020055509985347E-01   1.115189867467234E+00   1.439676045688875E+00  -3.271942292749227E+00   7.874302379896592E-12
  9.340000000000000E+00   1.172692339941635E-01   1.081642234037078E+00   1.616219477821435E+00  -3.439651264719173E+00   7.871637844637491E-12
  9.350000000000000E+00   1.343979018567200E-01   1.046351291211824E+00   1.813174892137845E+00  -3.621047102723028E+00   7.845880670466188E-12
  9.359999999999999E+00   1.536120339391596E-01   1.009165688533089E+00   2.033953543362812E+00  -3.819153941082514E+00   7.733970189583972E-12
  9.369999999999999E+00   1.751709152893498E-01   9.698995229266965E-01   2.282961200368505E+00  -4.037910344045324E+00   7.733082011164272E-12
  9.380000000000001E+00   1.993845296951974E-01   9.283213716972174E-01   2.566017962886371E+00  -4.282562558427194E+00   7.901835910907295E-12
  9.390000000000001E+00   2.266307471350178E-01   8.841383503486715E-01   2.891018924985402E+00  -4.560287014956407E+00   7.632717849738158E-12
  9.400000000000000E+00   2.573810329515593E-01   8.369721161249519E-01   3.269019518626366E+00  -4.881218794409036E+00   7.817458961035784E-12
  9.410000000000000E+00   2.922405454449388E-01   7.863211957512004E-01   3.716113728550376E+00  -5.260241302672211E+00   7.829893458911585E-12
  9.420000000000000E+00   3.320139965331459E-01   7.314986904743236E-01   4.256900583076335E+00  -5.720307440870297E+00   7.819235317875184E-12
  9.430000000000000E+00   3.778211861075839E-01   6.715222454593417E-01   4.931429087739024E+00  -6.299129605723777E+00   8.019963640727412E-12
  9.440000000000000E+00   4.313180326315197E-01   6.049020823292683E-01   5.810708793744408E+00  -7.064202304754878E+00   7.987101039198508E-12
  9.449999999999999E+00   4.951734474579404E-01   5.291804492880599E-01   7.037035355142255E+00  -8.152074209260103E+00   8.083024308526121E-12
  9.460000000000001E+00   5.743015717188245E-01   4.397329699177043E-01   8.956175116285360E+00  -9.897808417952168E+00   7.681567662821664E-12
  9.470000000000001E+00   6.802156673181560E-01   3.255011410893748E-01   1.277477499811224E+01  -1.348275953939177E+01   8.265989062984347E-12
  9.480000000000000E+00   8.668536800028095E-01   1.335420189801046E-01   3.282347930854100E+01  -3.311838137330221E+01   8.301516199772352E-12
  9.490000000000000E+00   1.262439841483494E+00  -2.655511135795505E-01   1.599816419134601E+01  -1.657931824416127E+01   8.788237973768020E-12
  9.500000000000000E+00   1.387361193043808E+00  -3.977691004573760E-01   1.012220886322781E+01  -1.097940942794817E+01   8.708301915995009E-12
  9.510000000000000E+00   1.475180023806986E+00  -4.951702953876001E-01   7.693602507794690E+00  -8.743853692880236E+00   8.541324373091386E-12
  9.520000000000000E+00   1.544393275026879E+00  -5.756674869799145E-01   6.250932515624458E+00  -7.451981185117873E+00   8.374346830187762E-12
  9.529999999999999E+00   1.601659592009954E+00  -6.455792218426022E-01   5.255501164834019E+00  -6.579652171100209E+00   8.393886755421165E-12
  9.539999999999999E+00   1.650325003486771E+00  -7.080143606548217E-01   4.509636629779547E+00  -5.936435616301747E+00   8.653234853973601E-12
  9.550000000000001E+00   1.692372143540678E+00  -7.647738440200958E-01   3.921009214430009E+00  -5.434236196232248E+00   8.490698203168479E-12
  9.560000000000000E+00   1.729101043023214E+00  -8.170100716409028E-01   3.439768003153298E+00  -5.025935406083962E+00   8.638135820838699E-12
  9.570000000000000E+00   1.761425385185940E+00  -8.655118133762973E-01   3.036231181584839E+00  -4.683736079240982E+00   8.638135820838699E-12
  9.580000000000000E+00   1.790020785159596E+00  -9.108458192498144E-01   2.691428022688311E+00  -4.390031611558783E+00   8.627477679802298E-12
  9.590000000000000E+00   1.815406663019240E+00  -9.534344731130816E-01   2.392562638972643E+00  -4.133050354673154E+00   8.574186974620290E-12
  9.600000000000000E+00   1.837994882348672E+00  -9.936016126083917E-01   2.130630110515138E+00  -3.904579098949490E+00   8.605273219309795E-12
  9.609999999999999E+00   1.858120334108404E+00  -1.031601150246830E+00   1.899071912782024E+00  -3.698686099335515E+00   8.594615078273393E-12
  9.619999999999999E+00   1.876061061655137E+00  -1.067635786775650E+00   1.692973440676990E+00  -3.510963208125020E+00   8.612378646667396E-12
  9.630000000000001E+00   1.892052004921831E+00  -1.101869714331794E+00   1.508562371077143E+00  -3.338054852857280E+00   8.592838721433993E-12
  9.640000000000001E+00   1.906294681586076E+00  -1.134437515106637E+00   1.342882709824671E+00  -3.177353814330965E+00   8.544877086770186E-12
  9.650000000000000E+00   1.918964186320223E+00  -1.165450564232001E+00   1.193575914171850E+00  -3.026798236937096E+00   8.559532030695238E-12
  9.660000000000000E+00   1.930214364473822E+00  -1.195001744942971E+00   1.058729691663077E+00  -2.884732355419330E+00   8.576407420669541E-12
  9.670000000000000E+00   1.940181709558537E+00  -1.223168992246647E+00   9.367709353480014E-01  -2.749808603569252E+00   8.578183777508941E-12
  9.680000000000000E+00   1.948988347511157E+00  -1.250018004765591E+00   8.263882403786624E-01  -2.620917343950864E+00   8.566193368842989E-12
  9.690000000000000E+00   1.956744353823139E+00  -1.275604354089404E+00   7.264747294279743E-01  -2.497135481732516E+00   8.548873889658837E-12
  9.699999999999999E+00   1.963549574224837E+00  -1.299975150030218E+00   6.360851221142068E-01  -2.377688266395738E+00   8.562640655164189E-12
  9.710000000000001E+00   1.969495069746525E+00  -1.323170373406614E+00   5.544029881169502E-01  -2.261920478706449E+00   8.594170989063543E-12
  9.720000000000001E+00   1.974664273261515E+00  -1.345223956440313E+00   4.807154086407493E-01  -2.149274409922672E+00   8.596835524322643E-12
  9.730000000000000E+00   1.979133921364774E+00  -1.366164669144059E+00   4.143931136729792E-01  -2.039272830628993E+00   8.613488869692021E-12
  9.740000000000000E+00   1.982974809119761E+00  -1.386016854861903E+00   3.548747267838842E-01  -1.931505673779885E+00   8.606383442334420E-12
  9.750000000000000E+00   1.986252403568236E+00  -1.404801047272616E+00   3.016541341777976E-01  -1.825619514747304E+00   8.572410617780890E-12
  9.760000000000000E+00   1.989027343479481E+00  -1.422534493306844E+00   2.542702618131737E-01  -1.721309178727059E+00   8.596835524322643E-12
  9.770000000000000E+00   1.991355846648334E+00  -1.439231600651153E+00   2.122987326072187E-01  -1.618310979635554E+00   8.599722104186669E-12
  9.779999999999999E+00   1.993290041480823E+00  -1.454904324206594E+00   1.753450101844976E-01  -1.516397218404329E+00   8.609492066803370E-12
  9.789999999999999E+00   1.994878236182323E+00  -1.469562502618912E+00   1.430387328528809E-01  -1.415371657966637E+00   8.587398628613330E-12
  9.800000000000001E+00   1.996165136273858E+00  -1.483214153514410E+00   1.150290125425320E-01  -1.315065757652896E+00   8.599944148791594E-12
  9.810000000000000E+00   1.997192019184228E+00  -1.495865734156840E+00   9.098052582370592E-02  -1.215335498236414E+00   8.601276416421144E-12
  9.820000000000000E+00   1.997996873141021E+00  -1.507522372744221E+00   7.057026298422424E-02  -1.116058665353143E+00   8.602941750958082E-12
  9.830000000000000E+00   1.998614506394913E+00  -1.518188074386649E+00   5.348483010257881E-02  -1.017132486839621E+00   8.596835524322643E-12
  9.840000000000000E+00   1.999076631874485E+00  -1.527865904873928E+00   3.941822064474804E-02  -9.184715410639019E-01   8.599555570732975E-12
  9.850000000000000E+00   1.999411931618236E+00  -1.536558154600392E+00   2.806998917598301E-02  -8.200058702490659E-01   8.599500059581744E-12
  9.859999999999999E+00   1.999646104718852E+00  -1.544266484424328E+00   1.914377164888677E-02  -7.216792463028658E-01   8.601109882967450E-12
  9.869999999999999E+00   1.999801902005033E+00  -1.550992054771169E+00   1.234610540015088E-02  -6.234475476225418E-01   8.601914794660304E-12
  9.880000000000001E+00   1.999899150250416E+00  -1.556735638920747E+00   7.385508211830465E-03  -5.252772143441699E-01   8.601970305811535E-12
  9.890000000000001E+00   1.999954768315828E+00  -1.561497721132066E+00   3.971780150002645E-03  -4.271437569742850E-01   8.602664195201926E-12
  9.900000000000000E+00   1.999982777283964E+00  -1.565278580040522E+00   1.815494840731644E-03  -3.290302995683190E-01   8.603705029287512E-12
  9.910000000000000E+00   1.999994306322450E+00  -1.568078357600832E+00   6.276487455470172E-04  -2.309261438015658E-01   8.601883569637736E-12
  9.920000000000000E+00   1.999997595703130E+00  -1.569897113734443E+00   1.194381500503540E-04  -1.328253445364019E-01   8.602162860117368E-12
  9.930000000000000E+00   1.999997998106107E+00  -1.570734866763948E+00   2.134216336090687E-06  -3.472529090182386E-02   8.602975686486081E-12
  9.940000000000000E+00   1.999997979042301E+00  -1.570591619670919E+00  -1.297324063570106E-05   6.337471049161554E-02   8.601965101641107E-12
  9.949999999999999E+00   1.999997116935635E+00  -1.569467372189529E+00  -2.145924691148122E-04   1.614748517555744E-01   8.601012738452796E-12
  9.960000000000001E+00   1.999992103114009E+00  -1.567362118738700E+00  -8.914361694094821E-04   2.595762398536090E-01   8.601928672448111E-12
  9.970000000000001E+00   1.999976741666461E+00  -1.564275832192441E+00  -2.332246730600932E-03   3.576823128903021E-01   8.600527015879522E-12
  9.980000000000000E+00   1.999941948832123E+00  -1.560208433483855E+00  -4.825869501075615E-03   4.558002572930381E-01   8.602150717053036E-12
  9.990000000000000E+00   1.999875751294513E+00  -1.555159747025243E+00  -8.661403332709169E-03   5.539424278920808E-01   8.602580928475079E-12
  1.000000000000000E+01   1.999763282461620E+00  -1.549129441897076E+00  -1.412845780423829E-02   6.521277749558196E-01   8.602331128294538E-12
